ល.រ ក្រុមហ៊ុន/សហគ្រាស,ល.រ មុខសញ្ញា,ឈ្មោះក្រុមហ៊ុន/សហគ្រាស,អាស័យដ្ឋានក្រុមហ៊ុន/សហគ្រាស,រាជធានី/ខេត្ត,ឈ្មោះម្ចាស់ក្រុមហ៊ុន/សហគ្រាស,តួនាទី,លេខទូរស័ព្ទ,មុខសញ្ញាជាឧបករណ៍មាត្រាសាស្ត្រ ឬទំនិញវេចខ្ចប់,ឈ្មោះឧបករណ៍មាត្រាសាស្ត្រ/ទំនិញវេចខ្ចប់,ម៉ាក/ម៉ូដែល/លេខស៊េរី,ប្រទេសផលិតដើម,ឆ្នាំផលិត,សមត្ថភាពរង្វាស់រង្វាល់,កម្រិតលម្អៀង/សុក្រឹតភាព,លេខចុះបញ្ជីមាត្រាសាស្ត្រ,ថ្ងៃ/ខែ/ឆ្នាំចុះបញ្ជីមាត្រាសាស្ត្រ,លេខវិញ្ញាបនបត្រ,ថ្ងៃ/ខែ/ឆ្នាំចាប់ផ្ដើមមានសុពលភាព,ស្ថានភាព,Verification
01,1,ស្ថានីយប្រេងឥន្ធនៈតេលា សាន់ ង៉ុយ,NA ភូមិប្រសូតិ ទី ២ ឃុំកណ្ដៀងរាយ ស្រុកស្វាយទាប ខេត្តស្វាយរៀង,ស្វាយរៀង,សាន់ ង៉ុយ,ម្ចាស់ស្ថានីយ,0976945666,ឧបករណ៍មាត្រាសាស្ត្រ,ទូបញ្ជាប្រេង១,SUNO Tech,45,2018,5-50L/min,+-0.3,CMRC20261447,46204.15867,1447.មមជ.2026,2022-11-15,COMPLETED,mOZv6NHAWfYU85ztjYPyycGmlKhFjsie
01,2,ស្ថានីយប្រេងឥន្ធនៈតេលា សាន់ ង៉ុយ,NA ភូមិប្រសូតិ ទី ២ ឃុំកណ្ដៀងរាយ ស្រុកស្វាយទាប ខេត្តស្វាយរៀង,ស្វាយរៀង,សាន់ ង៉ុយ,ម្ចាស់ស្ថានីយ,0976945666,ឧបករណ៍មាត្រាសាស្ត្រ,ទូបញ្ជាប្រេង២,SUNO Tech,45,2018,5-50L/min,+-0.3,CMRC20261447,46204.15867,1447.មមជ.2026,2022-11-15,COMPLETED,mOZv6NHAWfYU85ztjYPyycGmlKhFjsie
01,3,ស្ថានីយប្រេងឥន្ធនៈតេលា សាន់ ង៉ុយ,NA ភូមិប្រសូតិ ទី ២ ឃុំកណ្ដៀងរាយ ស្រុកស្វាយទាប ខេត្តស្វាយរៀង,ស្វាយរៀង,សាន់ ង៉ុយ,ម្ចាស់ស្ថានីយ,0976945666,ទំនិញវេចខ្ចប់,N/A,42,1,42,N/A,,CMRC20261447,46204.15867,1447.មមជ.2026,2022-11-15,COMPLETED,mOZv6NHAWfYU85ztjYPyycGmlKhFjsie
11,1,       ដេប៉ូប្រេងឥន្ធនៈ ណាក់ សុខា,    ភូមិតាពៅ  ឃុំគគីធំ  ស្រុកបារាយណ៍  ខេត្តកំពង់ធំ,កំពង់ធំ,លោក ពឹន សង្ហឺ,ម្ចាស់ដេប៉ូប្រេងឥន្ធនៈ,066994757,ឧបករណ៍មាត្រាសាស្ត្រ,ម៉ាស៊ីនបូមប្រេងឥន្ធនៈ,TATSUNO,45,2021,4L-40L/1min,±0.5%,CMRC20261439,46204.16005,1439.មមជ.2026,2024-03-19,COMPLETED,kYKHyWALOdsmHQ85cNH6w5KylLgoYxFq
11,2,       ដេប៉ូប្រេងឥន្ធនៈ ណាក់ សុខា,    ភូមិតាពៅ  ឃុំគគីធំ  ស្រុកបារាយណ៍  ខេត្តកំពង់ធំ,កំពង់ធំ,លោក ពឹន សង្ហឺ,ម្ចាស់ដេប៉ូប្រេងឥន្ធនៈ,066994757,ឧបករណ៍មាត្រាសាស្ត្រ,ម៉ាស៊ីនបូមប្រេងឥន្ធនៈ,TATSUNO,45,2021,4L-40L/1min,±0.5%,CMRC20261439,46204.16005,1439.មមជ.2026,2024-03-19,COMPLETED,kYKHyWALOdsmHQ85cNH6w5KylLgoYxFq
11,3,       ដេប៉ូប្រេងឥន្ធនៈ ណាក់ សុខា,    ភូមិតាពៅ  ឃុំគគីធំ  ស្រុកបារាយណ៍  ខេត្តកំពង់ធំ,កំពង់ធំ,លោក ពឹន សង្ហឺ,ម្ចាស់ដេប៉ូប្រេងឥន្ធនៈ,066994757,ទំនិញវេចខ្ចប់,N/A,N/A,45,2021,N/A,,CMRC20261439,46204.16005,1439.មមជ.2026,2024-03-19,COMPLETED,kYKHyWALOdsmHQ85cNH6w5KylLgoYxFq
21,1,            ដេប៉ូប្រេងឥន្ធនៈ សូ គឹមអ៊ាង,        ភូមិអណ្ដោត   ឃុំបាក់ស្នា   ស្រុកបារាយណ៍  ខេត្តកំពង់ធំ,កំពង់ធំ,លោកស្រី សូ គឺមអ៊ាង,ម្ចាស់ដេប៉ូប្រេងឥន្ធនៈ,092994757,ឧបករណ៍មាត្រាសាស្ត្រ,ម៉ាស៊ីនបូមប្រេងឥន្ធនៈ,TATSUNO,45,2021,4L-40L/1min,±0.5%,CMRC20261446,46204.16537,1446.មមជ.2026,2018-06-11,COMPLETED,WVa56IBPY7KBhjuzMRsPU9j0RJdLqrKk
21,2,            ដេប៉ូប្រេងឥន្ធនៈ សូ គឹមអ៊ាង,        ភូមិអណ្ដោត   ឃុំបាក់ស្នា   ស្រុកបារាយណ៍  ខេត្តកំពង់ធំ,កំពង់ធំ,លោកស្រី សូ គឺមអ៊ាង,ម្ចាស់ដេប៉ូប្រេងឥន្ធនៈ,092994757,ទំនិញវេចខ្ចប់,N/A,N/A,45,2021,N/A,,CMRC20261446,46204.16537,1446.មមជ.2026,2018-06-11,COMPLETED,WVa56IBPY7KBhjuzMRsPU9j0RJdLqrKk
31,1,    ដេប៉ូប្រេងឥន្ធនៈ តេលា លីហាក់និច្ច,         ភូមិជ្រោយស្លែង  ឃុំគីរីចុងកោះ  ស្រុកគីរីវង់  ខេត្តតាកែវ,តាកែវ,លោកស្រី គឹម មុន្នីនិច្ច,ម្ចាស់ស្ថានីយប្រេង,097 877 9677,ឧបករណ៍មាត្រាសាស្ត្រ,ឧបករណ៍បូមប្រេង ,C15032 sn: 0223456,45,2015,5L-45L/min,+- 0.3%,CMRC20261437,46204.20038,1437.មមជ.2026,2025-05-01,COMPLETED,y5DgpBkpbPphiF9vvJASd0VUoyjwTTq1
31,2,    ដេប៉ូប្រេងឥន្ធនៈ តេលា លីហាក់និច្ច,         ភូមិជ្រោយស្លែង  ឃុំគីរីចុងកោះ  ស្រុកគីរីវង់  ខេត្តតាកែវ,តាកែវ,លោកស្រី គឹម មុន្នីនិច្ច,ម្ចាស់ស្ថានីយប្រេង,097 877 9677,ឧបករណ៍មាត្រាសាស្ត្រ,ឧបករណ៍បូមប្រេង ,C15032 sn: 0223887,45,2015,5L-45L/min,+- 0.3%,CMRC20261437,46204.20038,1437.មមជ.2026,2025-05-01,COMPLETED,y5DgpBkpbPphiF9vvJASd0VUoyjwTTq1
31,3,    ដេប៉ូប្រេងឥន្ធនៈ តេលា លីហាក់និច្ច,         ភូមិជ្រោយស្លែង  ឃុំគីរីចុងកោះ  ស្រុកគីរីវង់  ខេត្តតាកែវ,តាកែវ,លោកស្រី គឹម មុន្នីនិច្ច,ម្ចាស់ស្ថានីយប្រេង,097 877 9677,ទំនិញវេចខ្ចប់,-,-,38,0,-,,CMRC20261437,46204.20038,1437.មមជ.2026,2025-05-01,COMPLETED,y5DgpBkpbPphiF9vvJASd0VUoyjwTTq1
41,1,ដេប៉ូប្រេងឥន្ធនៈ តេលា បូរ៉ាត់ ចន្ទរ៉ា,         ភូមិស្វាយព្រៃ  ឃុំលំចង់  ស្រុកសំរោង  ខេត្តតាកែវ,តាកែវ,   លោកស្រី ងី ចន្ទរ៉ា,ម្ចាស់ស្ថានីយ៍ប្រេង,092 227 577,ឧបករណ៍មាត្រាសាស្ត្រ,ឧបករណ៍បូមប្រេង,TATSUNO SN: 344002,112,2015,45L-55L/min,+- 0.1%,CMRC20261436,46204.20274,1436.មមជ.2026,2025-10-21,COMPLETED,vY3ZJFQFQldr0bl2o7qZQzhtNT3P4sUA
41,2,ដេប៉ូប្រេងឥន្ធនៈ តេលា បូរ៉ាត់ ចន្ទរ៉ា,         ភូមិស្វាយព្រៃ  ឃុំលំចង់  ស្រុកសំរោង  ខេត្តតាកែវ,តាកែវ,   លោកស្រី ងី ចន្ទរ៉ា,ម្ចាស់ស្ថានីយ៍ប្រេង,092 227 577,ឧបករណ៍មាត្រាសាស្ត្រ,ឧបករណ៍បូមប្រេង,TATSUNO SN: 344002,42,2015,45L-55L/min,+- 0.1%,CMRC20261436,46204.20274,1436.មមជ.2026,2025-10-21,COMPLETED,vY3ZJFQFQldr0bl2o7qZQzhtNT3P4sUA
41,3,ដេប៉ូប្រេងឥន្ធនៈ តេលា បូរ៉ាត់ ចន្ទរ៉ា,         ភូមិស្វាយព្រៃ  ឃុំលំចង់  ស្រុកសំរោង  ខេត្តតាកែវ,តាកែវ,   លោកស្រី ងី ចន្ទរ៉ា,ម្ចាស់ស្ថានីយ៍ប្រេង,092 227 577,ទំនិញវេចខ្ចប់,-,-,38,0,-,,CMRC20261436,46204.20274,1436.មមជ.2026,2025-10-21,COMPLETED,vY3ZJFQFQldr0bl2o7qZQzhtNT3P4sUA
51,1,ដេប៉ូប្រេងឥន្ធនៈ តេលា ហេងម៉េងលី,       ភូមិត្រពាំងលាន  ឃុំចំបក់  ស្រុកបាទី  ខេត្តតាកែវ,តាកែវ,លោកស្រី កក ស្រីនាង,ម្ចាស់ដេប៉ូប្រេងឥន្ធនៈ,012 531 848,ឧបករណ៍មាត្រាសាស្ត្រ,ឧបករណ៍បូមប្រេង,YBB3341EA,45,2002,5L-45L/min,+ - 0.3%,CMRC20261435,46204.20297,1435.មមជ.2026,2016-11-19,COMPLETED,2wYIoVPcj4l04KwdUeuMOOKirShdysy0
51,2,ដេប៉ូប្រេងឥន្ធនៈ តេលា ហេងម៉េងលី,       ភូមិត្រពាំងលាន  ឃុំចំបក់  ស្រុកបាទី  ខេត្តតាកែវ,តាកែវ,លោកស្រី កក ស្រីនាង,ម្ចាស់ដេប៉ូប្រេងឥន្ធនៈ,012 531 848,ឧបករណ៍មាត្រាសាស្ត្រ,ឧបករណ៍បូមប្រេង,YBB3341EA,45,2002,5L-45L/min,+ - 0.3%,CMRC20261435,46204.20297,1435.មមជ.2026,2016-11-19,COMPLETED,2wYIoVPcj4l04KwdUeuMOOKirShdysy0
51,3,ដេប៉ូប្រេងឥន្ធនៈ តេលា ហេងម៉េងលី,       ភូមិត្រពាំងលាន  ឃុំចំបក់  ស្រុកបាទី  ខេត្តតាកែវ,តាកែវ,លោកស្រី កក ស្រីនាង,ម្ចាស់ដេប៉ូប្រេងឥន្ធនៈ,012 531 848,ទំនិញវេចខ្ចប់,គ្មាន,គ្មាន,38,0,0,,CMRC20261435,46204.20297,1435.មមជ.2026,2016-11-19,COMPLETED,2wYIoVPcj4l04KwdUeuMOOKirShdysy0
61,1,   ដេប៉ូប្រេងឥន្ធនៈ តេលា ស្រីពេជ្រ ដាវីន,         ភូមិអូរស្ងើន  ឃុំញ៉ែងញ៉ង  ស្រុកត្រាំកក់  ខេត្តតាកែវ,តាកែវ,លោកស្រី ពៅ ពេជ្រ,ម្ចាស់ស្ថានីយប្រេង,089 866 565,ឧបករណ៍មាត្រាសាស្ត្រ,ឧបករណ៍បូមប្រេង,RT-H222,45,2015,5L-45L/min,+0.3%,CMRC20261434,46204.20596,1434.មមជ.2026,2016-02-15,COMPLETED,cGbNJKU4AeJUJkSdya8SHk14ylpG4Gq1
61,2,   ដេប៉ូប្រេងឥន្ធនៈ តេលា ស្រីពេជ្រ ដាវីន,         ភូមិអូរស្ងើន  ឃុំញ៉ែងញ៉ង  ស្រុកត្រាំកក់  ខេត្តតាកែវ,តាកែវ,លោកស្រី ពៅ ពេជ្រ,ម្ចាស់ស្ថានីយប្រេង,089 866 565,ឧបករណ៍មាត្រាសាស្ត្រ,ឧបករណ៍បូមប្រេង,RT-H222,45,2015,5L-45L/min,+0.3%,CMRC20261434,46204.20596,1434.មមជ.2026,2016-02-15,COMPLETED,cGbNJKU4AeJUJkSdya8SHk14ylpG4Gq1
61,3,   ដេប៉ូប្រេងឥន្ធនៈ តេលា ស្រីពេជ្រ ដាវីន,         ភូមិអូរស្ងើន  ឃុំញ៉ែងញ៉ង  ស្រុកត្រាំកក់  ខេត្តតាកែវ,តាកែវ,លោកស្រី ពៅ ពេជ្រ,ម្ចាស់ស្ថានីយប្រេង,089 866 565,ទំនិញវេចខ្ចប់,-,-,38,0,-,,CMRC20261434,46204.20596,1434.មមជ.2026,2016-02-15,COMPLETED,cGbNJKU4AeJUJkSdya8SHk14ylpG4Gq1
71,1,       ដេប៉ូប្រេងឥន្ធនៈ តេលា ហេងឌី,          ភូមិពង្រ  ឃុំខ្វាវ  ស្រុកទ្រាំង  ខេត្តតាកែវ,តាកែវ,លោកស្រី ហេង ឌី,ម្ចាស់ដេប៉ូប្រេង,070 971 269,ឧបករណ៍មាត្រាសាស្ត្រ,ឧបករណ៍បូមប្រេង,TATSUNO :  033543,112,2012,45L/min-55L/min,+- 0.3 %,CMRC20261432,46204.26005,1432.មមជ.2026,2024-10-11,COMPLETED,alqxIDAUVg0MUYTuSM9NKUMB0Dd0miyT
71,2,       ដេប៉ូប្រេងឥន្ធនៈ តេលា ហេងឌី,          ភូមិពង្រ  ឃុំខ្វាវ  ស្រុកទ្រាំង  ខេត្តតាកែវ,តាកែវ,លោកស្រី ហេង ឌី,ម្ចាស់ដេប៉ូប្រេង,070 971 269,ឧបករណ៍មាត្រាសាស្ត្រ,ឧបករណ៍បូមប្រេង,TATSUNO :  033657,112,2012,45L/min-55L/min,+- 0.3 %,CMRC20261432,46204.26005,1432.មមជ.2026,2024-10-11,COMPLETED,alqxIDAUVg0MUYTuSM9NKUMB0Dd0miyT
71,3,       ដេប៉ូប្រេងឥន្ធនៈ តេលា ហេងឌី,          ភូមិពង្រ  ឃុំខ្វាវ  ស្រុកទ្រាំង  ខេត្តតាកែវ,តាកែវ,លោកស្រី ហេង ឌី,ម្ចាស់ដេប៉ូប្រេង,070 971 269,ទំនិញវេចខ្ចប់,គ្មាន,គ្មាន,38,0,គ្មាន,,CMRC20261432,46204.26005,1432.មមជ.2026,2024-10-11,COMPLETED,alqxIDAUVg0MUYTuSM9NKUMB0Dd0miyT
81,1,          ដេប៉ូប្រេងឥន្ធនៈ តារាពិដោរ,         ផ្លូវជាតិលេខ៦  ភូមិមឈាយ  ឃុំសំព្រោជ  ស្រុកស្ទោង  ខេត្តកំពង់ធំ,កំពង់ធំ,លោក ចាន់ តារា,ម្ចាស់ដេប៉ូប្រេងឥន្ធនៈ,092994757,ឧបករណ៍មាត្រាសាស្ត្រ,ម៉ាស៊ីនបូមប្រេងឥន្ធនៈ,AA249974,112,2015,5L-40L/1min,±0.5%,CMRC20261433,46205.1399,1433.មមជ.2026,2024-06-18,COMPLETED,DSx5t5OelGNmmfnk6PQU9oEwrg8oQ9JO
81,2,          ដេប៉ូប្រេងឥន្ធនៈ តារាពិដោរ,         ផ្លូវជាតិលេខ៦  ភូមិមឈាយ  ឃុំសំព្រោជ  ស្រុកស្ទោង  ខេត្តកំពង់ធំ,កំពង់ធំ,លោក ចាន់ តារា,ម្ចាស់ដេប៉ូប្រេងឥន្ធនៈ,092994757,ឧបករណ៍មាត្រាសាស្ត្រ,ម៉ាស៊ីនបូមប្រេងឥន្ធនៈ,AA249975,112,2015,5L-40L/1min,±0.5%,CMRC20261433,46205.1399,1433.មមជ.2026,2024-06-18,COMPLETED,DSx5t5OelGNmmfnk6PQU9oEwrg8oQ9JO
81,3,          ដេប៉ូប្រេងឥន្ធនៈ តារាពិដោរ,         ផ្លូវជាតិលេខ៦  ភូមិមឈាយ  ឃុំសំព្រោជ  ស្រុកស្ទោង  ខេត្តកំពង់ធំ,កំពង់ធំ,លោក ចាន់ តារា,ម្ចាស់ដេប៉ូប្រេងឥន្ធនៈ,092994757,ទំនិញវេចខ្ចប់,N/A,N/A,45,2015,N/A,,CMRC20261433,46205.1399,1433.មមជ.2026,2024-06-18,COMPLETED,DSx5t5OelGNmmfnk6PQU9oEwrg8oQ9JO
91,1,ស្ថានីយ៍ប្រេងឥន្ធនៈ តូតាល់ ​អេនើជី វេងស្រេង២,      ផ្ទះលេខ៥២ វិថីចោមចៅ  ភូមិទ្រា៤  សង្កាត់ស្ទឹងមានជ័យទី៣  ខណ្ឌមានជ័យ  រាជធានីភ្នំពេញ,ភ្នំពេញ,ងី សុខវល័ក,ម្ចាស់,010905537,ឧបករណ៍មាត្រាសាស្ត្រ,ឧបករណ៍បូមប្រេងទី១,1503173W07,45,2015,4.5-45L/min,+-1%,CMRC20261431,46205.39491,1431.មមជ.2026,2025-09-05,COMPLETED,pl0n3j4yWUoFH0WE85eqFBhEqxIsBSo2
91,2,ស្ថានីយ៍ប្រេងឥន្ធនៈ តូតាល់ ​អេនើជី វេងស្រេង២,      ផ្ទះលេខ៥២ វិថីចោមចៅ  ភូមិទ្រា៤  សង្កាត់ស្ទឹងមានជ័យទី៣  ខណ្ឌមានជ័យ  រាជធានីភ្នំពេញ,ភ្នំពេញ,ងី សុខវល័ក,ម្ចាស់,010905537,ឧបករណ៍មាត្រាសាស្ត្រ,ឧបករណ៍បូមប្រេងទី២,1503168W07,45,2015,4.5-45L/min,+-1%,CMRC20261431,46205.39491,1431.មមជ.2026,2025-09-05,COMPLETED,pl0n3j4yWUoFH0WE85eqFBhEqxIsBSo2
91,3,ស្ថានីយ៍ប្រេងឥន្ធនៈ តូតាល់ ​អេនើជី វេងស្រេង២,      ផ្ទះលេខ៥២ វិថីចោមចៅ  ភូមិទ្រា៤  សង្កាត់ស្ទឹងមានជ័យទី៣  ខណ្ឌមានជ័យ  រាជធានីភ្នំពេញ,ភ្នំពេញ,ងី សុខវល័ក,ម្ចាស់,010905537,ឧបករណ៍មាត្រាសាស្ត្រ,ឧបករណ៍បូមប្រេងទី៣,1503174W07,45,2015,4.5-45L/min,+-1%,CMRC20261431,46205.39491,1431.មមជ.2026,2025-09-05,COMPLETED,pl0n3j4yWUoFH0WE85eqFBhEqxIsBSo2
91,4,ស្ថានីយ៍ប្រេងឥន្ធនៈ តូតាល់ ​អេនើជី វេងស្រេង២,      ផ្ទះលេខ៥២ វិថីចោមចៅ  ភូមិទ្រា៤  សង្កាត់ស្ទឹងមានជ័យទី៣  ខណ្ឌមានជ័យ  រាជធានីភ្នំពេញ,ភ្នំពេញ,ងី សុខវល័ក,ម្ចាស់,010905537,ទំនិញវេចខ្ចប់,N/A,42,45,42,N/A,,CMRC20261431,46205.39491,1431.មមជ.2026,2025-09-05,COMPLETED,pl0n3j4yWUoFH0WE85eqFBhEqxIsBSo2
101,1,ស្ថានីយ៍ប្រេងឥន្ធនៈ តូតាល់ អេនើជី​ ស្វាយរៀង,    ក្បាលដីលេខ៤៥៦   ផ្លូវបេតុង  ភូមិកៀនសាំង  សង្កាត់ស្វាយរៀង  ក្រុងស្វាយរៀង  ខេត្តស្វាយរៀង,ស្វាយរៀង,ងី សុខវល័ក,ម្ចាស់,012905537,ឧបករណ៍មាត្រាសាស្ត្រ,ឧបករណ៍បូមប្រេងទី១,Q420/19061209W07,45,2019,4.5-45L/min,+-1%,CMRC20261430,46205.40385,1430.មមជ.2026,2025-09-05,COMPLETED,SIpvWRMEjnf54l3F3uVtXrl8DdewAVQ7
101,2,ស្ថានីយ៍ប្រេងឥន្ធនៈ តូតាល់ អេនើជី​ ស្វាយរៀង,    ក្បាលដីលេខ៤៥៦   ផ្លូវបេតុង  ភូមិកៀនសាំង  សង្កាត់ស្វាយរៀង  ក្រុងស្វាយរៀង  ខេត្តស្វាយរៀង,ស្វាយរៀង,ងី សុខវល័ក,ម្ចាស់,012905537,ឧបករណ៍មាត្រាសាស្ត្រ,ឧបករណ៍បូមប្រេងទី២,Q420/19061210W07,45,2019,4.5-45L/min,+-1%,CMRC20261430,46205.40385,1430.មមជ.2026,2025-09-05,COMPLETED,SIpvWRMEjnf54l3F3uVtXrl8DdewAVQ7
101,3,ស្ថានីយ៍ប្រេងឥន្ធនៈ តូតាល់ អេនើជី​ ស្វាយរៀង,    ក្បាលដីលេខ៤៥៦   ផ្លូវបេតុង  ភូមិកៀនសាំង  សង្កាត់ស្វាយរៀង  ក្រុងស្វាយរៀង  ខេត្តស្វាយរៀង,ស្វាយរៀង,ងី សុខវល័ក,ម្ចាស់,012905537,ឧបករណ៍មាត្រាសាស្ត្រ,ឧបករណ៍បូមប្រេងទី២,Q420/19061211W07,45,2019,4.5-45L/min,+-1%,CMRC20261430,46205.40385,1430.មមជ.2026,2025-09-05,COMPLETED,SIpvWRMEjnf54l3F3uVtXrl8DdewAVQ7
101,4,ស្ថានីយ៍ប្រេងឥន្ធនៈ តូតាល់ អេនើជី​ ស្វាយរៀង,    ក្បាលដីលេខ៤៥៦   ផ្លូវបេតុង  ភូមិកៀនសាំង  សង្កាត់ស្វាយរៀង  ក្រុងស្វាយរៀង  ខេត្តស្វាយរៀង,ស្វាយរៀង,ងី សុខវល័ក,ម្ចាស់,012905537,ទំនិញវេចខ្ចប់,N/A,42,45,42,N/A,,CMRC20261430,46205.40385,1430.មមជ.2026,2025-09-05,COMPLETED,SIpvWRMEjnf54l3F3uVtXrl8DdewAVQ7
111,1,  ស្ថានីយ៍ប្រេងឥន្ធនៈ តូតាល់ អេនើជី គួរស្រូវ,      ផ្លូវជាតិលេខ២  កែងមហាវិថីសម្តេចព្រះមុនីរ៉េត (217)  ភូមិព្រែកកំពឹស  សង្កាត់ព្រែកកំពឹស  ខណ្ឌដង្កោ  រាជធានីភ្នំពេញ,ភ្នំពេញ,ហាក់ សម្បត្តិ,ម្ចាស់,012905537,ឧបករណ៍មាត្រាសាស្ត្រ,ឧបករណ៍បូមប្រេងទី១,1902625ឺW07,45,2019,4.5-45L/min,+-1%,CMRC20261429,46205.41558,1429.មមជ.2026,2025-05-02,COMPLETED,G4UUIhtsCnUFDf07LbOEKiJOPHZmf9On
111,2,  ស្ថានីយ៍ប្រេងឥន្ធនៈ តូតាល់ អេនើជី គួរស្រូវ,      ផ្លូវជាតិលេខ២  កែងមហាវិថីសម្តេចព្រះមុនីរ៉េត (217)  ភូមិព្រែកកំពឹស  សង្កាត់ព្រែកកំពឹស  ខណ្ឌដង្កោ  រាជធានីភ្នំពេញ,ភ្នំពេញ,ហាក់ សម្បត្តិ,ម្ចាស់,012905537,ឧបករណ៍មាត្រាសាស្ត្រ,ឧបករណ៍បូមប្រេងទី២,1811138W07,45,2018,4.5-45L/min,+-1%,CMRC20261429,46205.41558,1429.មមជ.2026,2025-05-02,COMPLETED,G4UUIhtsCnUFDf07LbOEKiJOPHZmf9On
111,3,  ស្ថានីយ៍ប្រេងឥន្ធនៈ តូតាល់ អេនើជី គួរស្រូវ,      ផ្លូវជាតិលេខ២  កែងមហាវិថីសម្តេចព្រះមុនីរ៉េត (217)  ភូមិព្រែកកំពឹស  សង្កាត់ព្រែកកំពឹស  ខណ្ឌដង្កោ  រាជធានីភ្នំពេញ,ភ្នំពេញ,ហាក់ សម្បត្តិ,ម្ចាស់,012905537,ឧបករណ៍មាត្រាសាស្ត្រ,ឧបករណ៍បូមប្រេងទី៣,1811137W07,45,2018,4.5-45L/min,+-1%,CMRC20261429,46205.41558,1429.មមជ.2026,2025-05-02,COMPLETED,G4UUIhtsCnUFDf07LbOEKiJOPHZmf9On
111,4,  ស្ថានីយ៍ប្រេងឥន្ធនៈ តូតាល់ អេនើជី គួរស្រូវ,      ផ្លូវជាតិលេខ២  កែងមហាវិថីសម្តេចព្រះមុនីរ៉េត (217)  ភូមិព្រែកកំពឹស  សង្កាត់ព្រែកកំពឹស  ខណ្ឌដង្កោ  រាជធានីភ្នំពេញ,ភ្នំពេញ,ហាក់ សម្បត្តិ,ម្ចាស់,012905537,ទំនិញវេចខ្ចប់,N/A,42,45,42,N/A,,CMRC20261429,46205.41558,1429.មមជ.2026,2025-05-02,COMPLETED,G4UUIhtsCnUFDf07LbOEKiJOPHZmf9On
121,1,      ហាយ-ស៊ីនើជី អ៊ិនធើណេសិនណល ហ្គាម៉ិន,   # ផ្លូវលេខ៩០៧ ដីឡូត៍លេខ៥៨៧   ភូមិបឹងសាឡាង  សង្កាត់ឫស្សីកែវ  ខណ្ឌឫស្សីកែវ  រាជធានីភ្នំពេញ,ភ្នំពេញ,Mr. CHEN HUAQIN,នាយកក្រុមហ៊ុន ,012 789 719,ឧបករណ៍មាត្រាសាស្ត្រ,Plate form Balance ,TC-150 ,45,2023,Pmax= 150Kg,d=10g,CMRC20261445,46206.16775,1445.មមជ.2026,2024-11-21,COMPLETED,akLAiEkZ7xPAScRKE8jeHqKfhAQYG13k
121,2,      ហាយ-ស៊ីនើជី អ៊ិនធើណេសិនណល ហ្គាម៉ិន,   # ផ្លូវលេខ៩០៧ ដីឡូត៍លេខ៥៨៧   ភូមិបឹងសាឡាង  សង្កាត់ឫស្សីកែវ  ខណ្ឌឫស្សីកែវ  រាជធានីភ្នំពេញ,ភ្នំពេញ,Mr. CHEN HUAQIN,នាយកក្រុមហ៊ុន ,012 789 719,ឧបករណ៍មាត្រាសាស្ត្រ,Electronic Balane ,ZC- 100,45,2025,Pmax=100 Kg,d=10g,CMRC20261445,46206.16775,1445.មមជ.2026,2024-11-21,COMPLETED,akLAiEkZ7xPAScRKE8jeHqKfhAQYG13k
121,3,      ហាយ-ស៊ីនើជី អ៊ិនធើណេសិនណល ហ្គាម៉ិន,   # ផ្លូវលេខ៩០៧ ដីឡូត៍លេខ៥៨៧   ភូមិបឹងសាឡាង  សង្កាត់ឫស្សីកែវ  ខណ្ឌឫស្សីកែវ  រាជធានីភ្នំពេញ,ភ្នំពេញ,Mr. CHEN HUAQIN,នាយកក្រុមហ៊ុន ,012 789 719,ឧបករណ៍មាត្រាសាស្ត្រ,Steel Ruller ,ST,45,2020,V= 1000mm,NA,CMRC20261445,46206.16775,1445.មមជ.2026,2024-11-21,COMPLETED,akLAiEkZ7xPAScRKE8jeHqKfhAQYG13k
121,4,      ហាយ-ស៊ីនើជី អ៊ិនធើណេសិនណល ហ្គាម៉ិន,   # ផ្លូវលេខ៩០៧ ដីឡូត៍លេខ៥៨៧   ភូមិបឹងសាឡាង  សង្កាត់ឫស្សីកែវ  ខណ្ឌឫស្សីកែវ  រាជធានីភ្នំពេញ,ភ្នំពេញ,Mr. CHEN HUAQIN,នាយកក្រុមហ៊ុន ,012 789 719,ទំនិញវេចខ្ចប់,មិនមាន,មិនមាន,38,2026,មិនមាន,,CMRC20261445,46206.16775,1445.មមជ.2026,2024-11-21,COMPLETED,akLAiEkZ7xPAScRKE8jeHqKfhAQYG13k
131,1,ផៃ រិទ្ធី,AH11 ភូមិរាជានុកូល សង្កាត់ស្ទឹងត្រែង ក្រុងស្ទឹងត្រែង ខេត្តស្ទឹងត្រែង,ស្ទឹងត្រែង,ដេប៉ូតេលា សែ ផៃ,ម្ចាស់,0884448535,ឧបករណ៍មាត្រាសាស្ត្រ,ម៉ាស៊ីនបែងចែកប្រេង,Suno-Tech,45,2020,40L/mn,-+01,CMRC20261438,46206.17787,1438.មមជ.2026,2024-03-05,COMPLETED,XPtWo6M4Ns7B35RVrK1UsDdjIRDvWvbW
131,2,ផៃ រិទ្ធី,AH11 ភូមិរាជានុកូល សង្កាត់ស្ទឹងត្រែង ក្រុងស្ទឹងត្រែង ខេត្តស្ទឹងត្រែង,ស្ទឹងត្រែង,ដេប៉ូតេលា សែ ផៃ,ម្ចាស់,0884448535,ឧបករណ៍មាត្រាសាស្ត្រ,ម៉ាស៊ីនបែងចែកប្រេង,Suno-Tech,45,2020,40L/mn,-+01,CMRC20261438,46206.17787,1438.មមជ.2026,2024-03-05,COMPLETED,XPtWo6M4Ns7B35RVrK1UsDdjIRDvWvbW
131,3,ផៃ រិទ្ធី,AH11 ភូមិរាជានុកូល សង្កាត់ស្ទឹងត្រែង ក្រុងស្ទឹងត្រែង ខេត្តស្ទឹងត្រែង,ស្ទឹងត្រែង,ដេប៉ូតេលា សែ ផៃ,ម្ចាស់,0884448535,ទំនិញវេចខ្ចប់,ម៉ាស៊ីនបែកចែកប្រេង,Suno-Tech,45,2020,40L/mn,,CMRC20261438,46206.17787,1438.មមជ.2026,2024-03-05,COMPLETED,XPtWo6M4Ns7B35RVrK1UsDdjIRDvWvbW
141,1,  ដេប៉ូប្រេងឥន្ធនៈ តេលា ណយ ស្រីនាថ,           #ផ្លូវ ភូមិរបងច្រុះ   ឃុំសំរោងទង   ស្រុកសំរោងទង   ខេត្តកំពង់ស្ពឺ,កំពង់ស្ពឺ,លោក ម៉េ ណយ,ម្ចាស់ដេប៉ូប្រេងឥន្ធនៈ,096 268 8889,ឧបករណ៍មាត្រាសាស្ត្រ,ឧបករណ៍បូមប្រេង,TATSUNO N971:02234,112,2015,45L/min-55L/min ,+- 0.5%,CMRC20261450,46206.19465,1450.មមជ.2026,2016-05-20,COMPLETED,Peo8fjYgXcjPp1ZF9Px3Y5TQGs8VoV6A
141,2,  ដេប៉ូប្រេងឥន្ធនៈ តេលា ណយ ស្រីនាថ,           #ផ្លូវ ភូមិរបងច្រុះ   ឃុំសំរោងទង   ស្រុកសំរោងទង   ខេត្តកំពង់ស្ពឺ,កំពង់ស្ពឺ,លោក ម៉េ ណយ,ម្ចាស់ដេប៉ូប្រេងឥន្ធនៈ,096 268 8889,ឧបករណ៍មាត្រាសាស្ត្រ,ឧបករណ៍បូមប្រេង,TATSUNO N971 :02254,112,2017,45L/min-55L/min ,+- 0.5%,CMRC20261450,46206.19465,1450.មមជ.2026,2016-05-20,COMPLETED,Peo8fjYgXcjPp1ZF9Px3Y5TQGs8VoV6A
141,3,  ដេប៉ូប្រេងឥន្ធនៈ តេលា ណយ ស្រីនាថ,           #ផ្លូវ ភូមិរបងច្រុះ   ឃុំសំរោងទង   ស្រុកសំរោងទង   ខេត្តកំពង់ស្ពឺ,កំពង់ស្ពឺ,លោក ម៉េ ណយ,ម្ចាស់ដេប៉ូប្រេងឥន្ធនៈ,096 268 8889,ទំនិញវេចខ្ចប់,-,-,38,0,-,,CMRC20261450,46206.19465,1450.មមជ.2026,2016-05-20,COMPLETED,Peo8fjYgXcjPp1ZF9Px3Y5TQGs8VoV6A
151,1,ដេប៉ូប្រេងឥន្ធនៈ តេលា គីមហុង តាម៉ុល,       # ផ្លូវជាតិលេខ៤៤  ភូមិតាម៉ុល  សង្កាត់ច្បារមន  ក្រុងច្បារមន  ខេត្តកំពង់ស្ពឺ,កំពង់ស្ពឺ,លោក ងួន ហុង ,ម្ចាស់ដេប៉ូប្រេងឥន្ធនៈ,098 23 89 88,ឧបករណ៍មាត្រាសាស្ត្រ,ឧបករណ៍បូមប្រេង,YC : SN: 02245,45,2023,55L/min,"+- 0,3%",CMRC20261451,46206.20843,1451.មមជ.2026,2025-05-27,COMPLETED,rPpMB9vlSCO6fCR1nLXJBfLuQXmwKnRR
151,2,ដេប៉ូប្រេងឥន្ធនៈ តេលា គីមហុង តាម៉ុល,       # ផ្លូវជាតិលេខ៤៤  ភូមិតាម៉ុល  សង្កាត់ច្បារមន  ក្រុងច្បារមន  ខេត្តកំពង់ស្ពឺ,កំពង់ស្ពឺ,លោក ងួន ហុង ,ម្ចាស់ដេប៉ូប្រេងឥន្ធនៈ,098 23 89 88,ឧបករណ៍មាត្រាសាស្ត្រ,ឧបករណ៍បូមប្រេង,YC : SN: 02234,45,2023,55L/min,"+- 0,3%",CMRC20261451,46206.20843,1451.មមជ.2026,2025-05-27,COMPLETED,rPpMB9vlSCO6fCR1nLXJBfLuQXmwKnRR
151,3,ដេប៉ូប្រេងឥន្ធនៈ តេលា គីមហុង តាម៉ុល,       # ផ្លូវជាតិលេខ៤៤  ភូមិតាម៉ុល  សង្កាត់ច្បារមន  ក្រុងច្បារមន  ខេត្តកំពង់ស្ពឺ,កំពង់ស្ពឺ,លោក ងួន ហុង ,ម្ចាស់ដេប៉ូប្រេងឥន្ធនៈ,098 23 89 88,ទំនិញវេចខ្ចប់,គ្មាន,គ្មាន,38,2026,-,,CMRC20261451,46206.20843,1451.មមជ.2026,2025-05-27,COMPLETED,rPpMB9vlSCO6fCR1nLXJBfLuQXmwKnRR
161,1,              ដេប៉ូប្រេងឥន្ធនៈ អ៊ី តាំងជី,      ភូមិកំពង់ឈើទាល   ឃុំតាំងក្រសៅ   ស្រុកប្រាសាទសំបូរ   ខេត្តកំពង់ធំ,កំពង់ធំ,លោកស្រី អ៊ី តាំងជី,ម្ចាស់ដេប៉ូប្រេងឥន្ធនៈ,066994757,ឧបករណ៍មាត្រាសាស្ត្រ,ម៉ាស៊ីនបូមប្រេងឥន្ធនៈ,TATSUNO,45,2017,4L-40L/1min,±0.5%,CMRC20261449,46208.33881,1449.មមជ.2026,2016-04-28,COMPLETED,r47OfRHVsuZ82Oac9h5FhoBWf23BCP6v
161,2,              ដេប៉ូប្រេងឥន្ធនៈ អ៊ី តាំងជី,      ភូមិកំពង់ឈើទាល   ឃុំតាំងក្រសៅ   ស្រុកប្រាសាទសំបូរ   ខេត្តកំពង់ធំ,កំពង់ធំ,លោកស្រី អ៊ី តាំងជី,ម្ចាស់ដេប៉ូប្រេងឥន្ធនៈ,066994757,ទំនិញវេចខ្ចប់,N/A,N/A,45,2017,N/A,,CMRC20261449,46208.33881,1449.មមជ.2026,2016-04-28,COMPLETED,r47OfRHVsuZ82Oac9h5FhoBWf23BCP6v
171,1,            ដេប៉ូប្រេងឥន្ធនៈ អឿ លាងហួរ,         ភូមិតាអោក   ឃុំឈូក  ស្រុកប្រាសាទសំបូរ  ខេត្តកំពង់ធំ,កំពង់ធំ,លោក អឿ លាងហួរ,ម្ចាស់ដេប៉ូប្រេងឥន្ធនៈ,098994757,ឧបករណ៍មាត្រាសាស្ត្រ,ម៉ាស៊ីនបូមប្រេងឥន្ធនៈ,TATSUNO,45,2014,4L-40L/1min,±0.5%,CMRC20261448,46209.10168,1448.មមជ.2026,2016-03-01,COMPLETED,MiCoupxi6JZnJUyKtOl7TLXaZY7PoH44
171,2,            ដេប៉ូប្រេងឥន្ធនៈ អឿ លាងហួរ,         ភូមិតាអោក   ឃុំឈូក  ស្រុកប្រាសាទសំបូរ  ខេត្តកំពង់ធំ,កំពង់ធំ,លោក អឿ លាងហួរ,ម្ចាស់ដេប៉ូប្រេងឥន្ធនៈ,098994757,ឧបករណ៍មាត្រាសាស្ត្រ,ម៉ាស៊ីនបូមប្រេងឥន្ធនៈ,TATSUNO,45,2014,4L-40L/1min,±0.5%,CMRC20261448,46209.10168,1448.មមជ.2026,2016-03-01,COMPLETED,MiCoupxi6JZnJUyKtOl7TLXaZY7PoH44
171,3,            ដេប៉ូប្រេងឥន្ធនៈ អឿ លាងហួរ,         ភូមិតាអោក   ឃុំឈូក  ស្រុកប្រាសាទសំបូរ  ខេត្តកំពង់ធំ,កំពង់ធំ,លោក អឿ លាងហួរ,ម្ចាស់ដេប៉ូប្រេងឥន្ធនៈ,098994757,ទំនិញវេចខ្ចប់,N/A,N/A,45,2014,N/A,,CMRC20261448,46209.10168,1448.មមជ.2026,2016-03-01,COMPLETED,MiCoupxi6JZnJUyKtOl7TLXaZY7PoH44
181,1,ស្ថានីយ៍ប្រេងឥន្ធនៈ តូតាល់ អេនើជិ ឈូកវ់ា,     ក្បាលដីលេខ២២៩៣  ផ្លូវបេតុង  ភូមិកាកាប  សង្កាត់កាកាបទី២  ខណ្ឌពោធិ៍សែនជ័យ  រាជធានីភ្នំពេញ,ភ្នំពេញ,តាំង ស្រីឡែន,ម្ចាស់,010905537,ឧបករណ៍មាត្រាសាស្ត្រ,ឧបករណ៍បូមប្រេងទី១,Q420/2105478W07,45,2021,4.5-45L/min,+-1%,CMRC20261442,46209.13611,1442.មមជ.2026,2025-07-08,COMPLETED,xeEAvXQUr8nyGOFPDXDStKkS0YRtFewk
181,2,ស្ថានីយ៍ប្រេងឥន្ធនៈ តូតាល់ អេនើជិ ឈូកវ់ា,     ក្បាលដីលេខ២២៩៣  ផ្លូវបេតុង  ភូមិកាកាប  សង្កាត់កាកាបទី២  ខណ្ឌពោធិ៍សែនជ័យ  រាជធានីភ្នំពេញ,ភ្នំពេញ,តាំង ស្រីឡែន,ម្ចាស់,010905537,ឧបករណ៍មាត្រាសាស្ត្រ,ឧបករណ៍បូមប្រេងទី២,Q420/2105488W07,45,2021,4.5-45L/min,+-1%,CMRC20261442,46209.13611,1442.មមជ.2026,2025-07-08,COMPLETED,xeEAvXQUr8nyGOFPDXDStKkS0YRtFewk
181,3,ស្ថានីយ៍ប្រេងឥន្ធនៈ តូតាល់ អេនើជិ ឈូកវ់ា,     ក្បាលដីលេខ២២៩៣  ផ្លូវបេតុង  ភូមិកាកាប  សង្កាត់កាកាបទី២  ខណ្ឌពោធិ៍សែនជ័យ  រាជធានីភ្នំពេញ,ភ្នំពេញ,តាំង ស្រីឡែន,ម្ចាស់,010905537,ឧបករណ៍មាត្រាសាស្ត្រ,ឧបករណ៍បូមប្រេងទី៣,Q420/2105489W07,45,2021,4.5-45L/min,+-1%,CMRC20261442,46209.13611,1442.មមជ.2026,2025-07-08,COMPLETED,xeEAvXQUr8nyGOFPDXDStKkS0YRtFewk
181,4,ស្ថានីយ៍ប្រេងឥន្ធនៈ តូតាល់ អេនើជិ ឈូកវ់ា,     ក្បាលដីលេខ២២៩៣  ផ្លូវបេតុង  ភូមិកាកាប  សង្កាត់កាកាបទី២  ខណ្ឌពោធិ៍សែនជ័យ  រាជធានីភ្នំពេញ,ភ្នំពេញ,តាំង ស្រីឡែន,ម្ចាស់,010905537,ទំនិញវេចខ្ចប់,N/A,42,45,42,N/A,,CMRC20261442,46209.13611,1442.មមជ.2026,2025-07-08,COMPLETED,xeEAvXQUr8nyGOFPDXDStKkS0YRtFewk
191,1,ស៊ុនស៊ីន ឡាក់ហ្គេដ អ៊ិន ដាសស្ទ្រី (ខេមបូឌា) ឯ.ក,       អគារលេខ១៦  ផ្លូវជាតិលេខ៥  ភូមិស្ពានពោធិ៍  ឃុំសេដ្ឋី  ស្រុកសាមគ្គីមានជ័យ  ខេត្តកំពង់ឆ្នាំង,កំពង់ឆ្នាំង,Mr. ZHOU DEHU ,នាយកក្រុមហ៊ុន,016 623 405,ឧបករណ៍មាត្រាសាស្ត្រ,Plate form Balance ,TCS- 150 ,45,2023,150Kg,d= 10g,CMRC20261444,46209.20426,1444.មមជ.2026,2017-11-29,COMPLETED,lPfDzr6cJ9RQ1NOftTveNOeMSNZeGFzo
191,2,ស៊ុនស៊ីន ឡាក់ហ្គេដ អ៊ិន ដាសស្ទ្រី (ខេមបូឌា) ឯ.ក,       អគារលេខ១៦  ផ្លូវជាតិលេខ៥  ភូមិស្ពានពោធិ៍  ឃុំសេដ្ឋី  ស្រុកសាមគ្គីមានជ័យ  ខេត្តកំពង់ឆ្នាំង,កំពង់ឆ្នាំង,Mr. ZHOU DEHU ,នាយកក្រុមហ៊ុន,016 623 405,ឧបករណ៍មាត្រាសាស្ត្រ,Electronic Balane ,ZC- 60 ,45,2025,60Kg,d= 5g,CMRC20261444,46209.20426,1444.មមជ.2026,2017-11-29,COMPLETED,lPfDzr6cJ9RQ1NOftTveNOeMSNZeGFzo
191,3,ស៊ុនស៊ីន ឡាក់ហ្គេដ អ៊ិន ដាសស្ទ្រី (ខេមបូឌា) ឯ.ក,       អគារលេខ១៦  ផ្លូវជាតិលេខ៥  ភូមិស្ពានពោធិ៍  ឃុំសេដ្ឋី  ស្រុកសាមគ្គីមានជ័យ  ខេត្តកំពង់ឆ្នាំង,កំពង់ឆ្នាំង,Mr. ZHOU DEHU ,នាយកក្រុមហ៊ុន,016 623 405,ឧបករណ៍មាត្រាសាស្ត្រ,SteelRuler,NA,45,2022,1000mm,NA,CMRC20261444,46209.20426,1444.មមជ.2026,2017-11-29,COMPLETED,lPfDzr6cJ9RQ1NOftTveNOeMSNZeGFzo
191,4,ស៊ុនស៊ីន ឡាក់ហ្គេដ អ៊ិន ដាសស្ទ្រី (ខេមបូឌា) ឯ.ក,       អគារលេខ១៦  ផ្លូវជាតិលេខ៥  ភូមិស្ពានពោធិ៍  ឃុំសេដ្ឋី  ស្រុកសាមគ្គីមានជ័យ  ខេត្តកំពង់ឆ្នាំង,កំពង់ឆ្នាំង,Mr. ZHOU DEHU ,នាយកក្រុមហ៊ុន,016 623 405,ទំនិញវេចខ្ចប់,NA,NA,45,0,-,,CMRC20261444,46209.20426,1444.មមជ.2026,2017-11-29,COMPLETED,lPfDzr6cJ9RQ1NOftTveNOeMSNZeGFzo
201,1,         ដេប៉ូទិញ លក់កសិផល អូរធំ,       ភូមិអូរធំ  ឃុំបឹងល្វា  ស្រុកសន្ទុក  ខេត្តកំពង់ធំ,កំពង់ធំ,លោក ងួន វណ្ណា,ម្ចាស់ដេប៉ូទិញ លក់ កសិផល(ជញ្ជីងថ្លឹងរថយន្ត),092994757,ឧបករណ៍មាត្រាសាស្ត្រ,ជញ្ជីងថ្លឹងរថយន្ត,អេស ស្រ៊ី,45,2012,80T,Class III,CMRC20261441,46210.07845,1441.មមជ.2026,2023-07-04,COMPLETED,OuDa1fQnwF3gWdKCAuCsXZsSlf5J89Tf
201,2,         ដេប៉ូទិញ លក់កសិផល អូរធំ,       ភូមិអូរធំ  ឃុំបឹងល្វា  ស្រុកសន្ទុក  ខេត្តកំពង់ធំ,កំពង់ធំ,លោក ងួន វណ្ណា,ម្ចាស់ដេប៉ូទិញ លក់ កសិផល(ជញ្ជីងថ្លឹងរថយន្ត),092994757,ទំនិញវេចខ្ចប់,N/A,N/A,45,2012,N/A,,CMRC20261441,46210.07845,1441.មមជ.2026,2023-07-04,COMPLETED,OuDa1fQnwF3gWdKCAuCsXZsSlf5J89Tf
211,1,           ដេប៉ូទិញ លក់កសិផល ងួន វណ្ណា,    ភូមិត្រពាំងទឹម  ឃុំបឹងល្វា  ស្រុកសន្ទុក  ខេត្តកំពង់ធំ,កំពង់ធំ,លោក ងួន វណ្ណា,ម្ចាស់ដេប៉ូទិញ លក់ កសិផល(ជញ្ជីងថ្លឹងរថយន្ត),092994757,ឧបករណ៍មាត្រាសាស្ត្រ,ជញ្ជីងថ្លឹងរថយន្ត,អេស ស្រ៊ី,45,2012,80T,Class III,CMRC20261443,46210.07913,1443.មមជ.2026,2023-07-04,COMPLETED,TUVJHGqOZMC9E6bvDM6QtB0zaQahDDGc
211,2,           ដេប៉ូទិញ លក់កសិផល ងួន វណ្ណា,    ភូមិត្រពាំងទឹម  ឃុំបឹងល្វា  ស្រុកសន្ទុក  ខេត្តកំពង់ធំ,កំពង់ធំ,លោក ងួន វណ្ណា,ម្ចាស់ដេប៉ូទិញ លក់ កសិផល(ជញ្ជីងថ្លឹងរថយន្ត),092994757,ទំនិញវេចខ្ចប់,N/A,N/A,45,2012,N/A,,CMRC20261443,46210.07913,1443.មមជ.2026,2023-07-04,COMPLETED,TUVJHGqOZMC9E6bvDM6QtB0zaQahDDGc
221,1,  ដេប៉ូប្រេងឥន្ធនៈ តេលា អង្គខ្មៅ ,      #ក្បាលដីលេខ៦៣៥   ផ្លូវលំ   ភូមិអង្គខ្មៅ   ឃុំសំបូរ   ស្រុកសំរោងទង   ខេត្តកំពង់ស្ពឺ,កំពង់ស្ពឺ,លោក ម៉េ ស៊ីថា,ម្ចាស់ដេប៉ូប្រេងឥន្ធនៈ តេលា,087 227 273,ឧបករណ៍មាត្រាសាស្ត្រ,ឧបករណ៍បូមប្រេង,TATSUNO : AA 03332,112,2015,45L/min - 55L/min ,+- 0.3%,CMRC20261453,46210.19411,1453.មមជ.2026,2018-11-18,COMPLETED,mW1883mGJApLfSdQXFuVOFAVPntmVgVw
221,2,  ដេប៉ូប្រេងឥន្ធនៈ តេលា អង្គខ្មៅ ,      #ក្បាលដីលេខ៦៣៥   ផ្លូវលំ   ភូមិអង្គខ្មៅ   ឃុំសំបូរ   ស្រុកសំរោងទង   ខេត្តកំពង់ស្ពឺ,កំពង់ស្ពឺ,លោក ម៉េ ស៊ីថា,ម្ចាស់ដេប៉ូប្រេងឥន្ធនៈ តេលា,087 227 273,ឧបករណ៍មាត្រាសាស្ត្រ,ឧបករណ៍បូមប្រេង,TATSUNO : AA 03334,112,2015,45L/min - 55L/min ,+- 0.3%,CMRC20261453,46210.19411,1453.មមជ.2026,2018-11-18,COMPLETED,mW1883mGJApLfSdQXFuVOFAVPntmVgVw
221,3,  ដេប៉ូប្រេងឥន្ធនៈ តេលា អង្គខ្មៅ ,      #ក្បាលដីលេខ៦៣៥   ផ្លូវលំ   ភូមិអង្គខ្មៅ   ឃុំសំបូរ   ស្រុកសំរោងទង   ខេត្តកំពង់ស្ពឺ,កំពង់ស្ពឺ,លោក ម៉េ ស៊ីថា,ម្ចាស់ដេប៉ូប្រេងឥន្ធនៈ តេលា,087 227 273,ទំនិញវេចខ្ចប់,-,-,38,0,-,,CMRC20261453,46210.19411,1453.មមជ.2026,2018-11-18,COMPLETED,mW1883mGJApLfSdQXFuVOFAVPntmVgVw
231,1,      ស្រាបៀរ កម្ពុជា ខេមប្រ៊ូវ,      អគារលេខ១៨៨១   ផ្លូវសហព័ន្ធរុស្សី   ភូមិតាងួន១   សង្កាត់កាកាបទី១   ខណ្ឌពោធិ៍សែនជ័យ  រាជធានីភ្នំពេញ,ភ្នំពេញ,Michiel Marinus Oerlemans,អគ្គនាយកគ្រប់គ្រងក្រុមហ៊ុន,023 987 905,ឧបករណ៍មាត្រាសាស្ត្រ,Precision Balance,Satorius/CPA3202S/26407288,83,42,Max 3200g,0.01g,CMRC20261482,46210.26416,1482.មមជ.2026,2025-07-03,COMPLETED,hKDFVNIhvLyt8o2MXRknsPLmCut2jj5g
231,2,      ស្រាបៀរ កម្ពុជា ខេមប្រ៊ូវ,      អគារលេខ១៨៨១   ផ្លូវសហព័ន្ធរុស្សី   ភូមិតាងួន១   សង្កាត់កាកាបទី១   ខណ្ឌពោធិ៍សែនជ័យ  រាជធានីភ្នំពេញ,ភ្នំពេញ,Michiel Marinus Oerlemans,អគ្គនាយកគ្រប់គ្រងក្រុមហ៊ុន,023 987 905,ឧបករណ៍មាត្រាសាស្ត្រ,Precision Balance,Mettler Toledo/MS1602S/B228106690,215,42,Max 1620g,0.01g,CMRC20261482,46210.26416,1482.មមជ.2026,2025-07-03,COMPLETED,hKDFVNIhvLyt8o2MXRknsPLmCut2jj5g
231,3,      ស្រាបៀរ កម្ពុជា ខេមប្រ៊ូវ,      អគារលេខ១៨៨១   ផ្លូវសហព័ន្ធរុស្សី   ភូមិតាងួន១   សង្កាត់កាកាបទី១   ខណ្ឌពោធិ៍សែនជ័យ  រាជធានីភ្នំពេញ,ភ្នំពេញ,Michiel Marinus Oerlemans,អគ្គនាយកគ្រប់គ្រងក្រុមហ៊ុន,023 987 905,ឧបករណ៍មាត្រាសាស្ត្រ,Analytical Balance,Mettler Toledo/AT201/1118500420,215,42,Max 205g,0.01mg,CMRC20261482,46210.26416,1482.មមជ.2026,2025-07-03,COMPLETED,hKDFVNIhvLyt8o2MXRknsPLmCut2jj5g
231,4,      ស្រាបៀរ កម្ពុជា ខេមប្រ៊ូវ,      អគារលេខ១៨៨១   ផ្លូវសហព័ន្ធរុស្សី   ភូមិតាងួន១   សង្កាត់កាកាបទី១   ខណ្ឌពោធិ៍សែនជ័យ  រាជធានីភ្នំពេញ,ភ្នំពេញ,Michiel Marinus Oerlemans,អគ្គនាយកគ្រប់គ្រងក្រុមហ៊ុន,023 987 905,ឧបករណ៍មាត្រាសាស្ត្រ,Precision Balance,Satorius/CPA3202S/28512057,83,42,Max 3200g,0.01g,CMRC20261482,46210.26416,1482.មមជ.2026,2025-07-03,COMPLETED,hKDFVNIhvLyt8o2MXRknsPLmCut2jj5g
231,5,      ស្រាបៀរ កម្ពុជា ខេមប្រ៊ូវ,      អគារលេខ១៨៨១   ផ្លូវសហព័ន្ធរុស្សី   ភូមិតាងួន១   សង្កាត់កាកាបទី១   ខណ្ឌពោធិ៍សែនជ័យ  រាជធានីភ្នំពេញ,ភ្នំពេញ,Michiel Marinus Oerlemans,អគ្គនាយកគ្រប់គ្រងក្រុមហ៊ុន,023 987 905,ឧបករណ៍មាត្រាសាស្ត្រ,Analytical Balance,Mettler Toledo/ML304T/C405582506,215,42,Max 320g,0.001g,CMRC20261482,46210.26416,1482.មមជ.2026,2025-07-03,COMPLETED,hKDFVNIhvLyt8o2MXRknsPLmCut2jj5g
231,6,      ស្រាបៀរ កម្ពុជា ខេមប្រ៊ូវ,      អគារលេខ១៨៨១   ផ្លូវសហព័ន្ធរុស្សី   ភូមិតាងួន១   សង្កាត់កាកាបទី១   ខណ្ឌពោធិ៍សែនជ័យ  រាជធានីភ្នំពេញ,ភ្នំពេញ,Michiel Marinus Oerlemans,អគ្គនាយកគ្រប់គ្រងក្រុមហ៊ុន,023 987 905,ឧបករណ៍មាត្រាសាស្ត្រ,Precision Balance,Mettler Toledo/ME4002/C323256352,215,42,Max 4200g,0.01g,CMRC20261482,46210.26416,1482.មមជ.2026,2025-07-03,COMPLETED,hKDFVNIhvLyt8o2MXRknsPLmCut2jj5g
231,7,      ស្រាបៀរ កម្ពុជា ខេមប្រ៊ូវ,      អគារលេខ១៨៨១   ផ្លូវសហព័ន្ធរុស្សី   ភូមិតាងួន១   សង្កាត់កាកាបទី១   ខណ្ឌពោធិ៍សែនជ័យ  រាជធានីភ្នំពេញ,ភ្នំពេញ,Michiel Marinus Oerlemans,អគ្គនាយកគ្រប់គ្រងក្រុមហ៊ុន,023 987 905,ឧបករណ៍មាត្រាសាស្ត្រ,Precision Balance,Satorius/CPA3202S/26404334,83,42,Max 3200g,0.01g,CMRC20261482,46210.26416,1482.មមជ.2026,2025-07-03,COMPLETED,hKDFVNIhvLyt8o2MXRknsPLmCut2jj5g
231,8,      ស្រាបៀរ កម្ពុជា ខេមប្រ៊ូវ,      អគារលេខ១៨៨១   ផ្លូវសហព័ន្ធរុស្សី   ភូមិតាងួន១   សង្កាត់កាកាបទី១   ខណ្ឌពោធិ៍សែនជ័យ  រាជធានីភ្នំពេញ,ភ្នំពេញ,Michiel Marinus Oerlemans,អគ្គនាយកគ្រប់គ្រងក្រុមហ៊ុន,023 987 905,ឧបករណ៍មាត្រាសាស្ត្រ,Precision Balance,AND/FX-2000/5233393,112,42,Max 2200g,0.01g,CMRC20261482,46210.26416,1482.មមជ.2026,2025-07-03,COMPLETED,hKDFVNIhvLyt8o2MXRknsPLmCut2jj5g
231,9,      ស្រាបៀរ កម្ពុជា ខេមប្រ៊ូវ,      អគារលេខ១៨៨១   ផ្លូវសហព័ន្ធរុស្សី   ភូមិតាងួន១   សង្កាត់កាកាបទី១   ខណ្ឌពោធិ៍សែនជ័យ  រាជធានីភ្នំពេញ,ភ្នំពេញ,Michiel Marinus Oerlemans,អគ្គនាយកគ្រប់គ្រងក្រុមហ៊ុន,023 987 905,ឧបករណ៍មាត្រាសាស្ត្រ,Precision Balance,Satorius/CPA3202S/26906233,83,42,Max 3200g,0.01g,CMRC20261482,46210.26416,1482.មមជ.2026,2025-07-03,COMPLETED,hKDFVNIhvLyt8o2MXRknsPLmCut2jj5g
231,10,      ស្រាបៀរ កម្ពុជា ខេមប្រ៊ូវ,      អគារលេខ១៨៨១   ផ្លូវសហព័ន្ធរុស្សី   ភូមិតាងួន១   សង្កាត់កាកាបទី១   ខណ្ឌពោធិ៍សែនជ័យ  រាជធានីភ្នំពេញ,ភ្នំពេញ,Michiel Marinus Oerlemans,អគ្គនាយកគ្រប់គ្រងក្រុមហ៊ុន,023 987 905,ឧបករណ៍មាត្រាសាស្ត្រ,Precision Balance,Satorius/ENTRIS22021-1S/0037507539,83,42,Max 2200g,0.01g,CMRC20261482,46210.26416,1482.មមជ.2026,2025-07-03,COMPLETED,hKDFVNIhvLyt8o2MXRknsPLmCut2jj5g
231,11,      ស្រាបៀរ កម្ពុជា ខេមប្រ៊ូវ,      អគារលេខ១៨៨១   ផ្លូវសហព័ន្ធរុស្សី   ភូមិតាងួន១   សង្កាត់កាកាបទី១   ខណ្ឌពោធិ៍សែនជ័យ  រាជធានីភ្នំពេញ,ភ្នំពេញ,Michiel Marinus Oerlemans,អគ្គនាយកគ្រប់គ្រងក្រុមហ៊ុន,023 987 905,ឧបករណ៍មាត្រាសាស្ត្រ,Precision Balance,Mettler Toledo/PL4002/B237296240,215,42,Max 4100g,0.01g,CMRC20261482,46210.26416,1482.មមជ.2026,2025-07-03,COMPLETED,hKDFVNIhvLyt8o2MXRknsPLmCut2jj5g
231,12,      ស្រាបៀរ កម្ពុជា ខេមប្រ៊ូវ,      អគារលេខ១៨៨១   ផ្លូវសហព័ន្ធរុស្សី   ភូមិតាងួន១   សង្កាត់កាកាបទី១   ខណ្ឌពោធិ៍សែនជ័យ  រាជធានីភ្នំពេញ,ភ្នំពេញ,Michiel Marinus Oerlemans,អគ្គនាយកគ្រប់គ្រងក្រុមហ៊ុន,023 987 905,ទំនិញវេចខ្ចប់,ទឹកសុទ្ធអង្គរ ពូរ៉ូ  ,អង្គរ ពូរ៉ូ  ANGKOR PURO ដបប្លាស្ទិក,38,2026,ចំនួន ២៤ ដបប្លាស្ទិក ចំណុះ ៣៥០ ម.ល  ,,CMRC20261482,46210.26416,1482.មមជ.2026,2025-07-03,COMPLETED,hKDFVNIhvLyt8o2MXRknsPLmCut2jj5g
231,13,      ស្រាបៀរ កម្ពុជា ខេមប្រ៊ូវ,      អគារលេខ១៨៨១   ផ្លូវសហព័ន្ធរុស្សី   ភូមិតាងួន១   សង្កាត់កាកាបទី១   ខណ្ឌពោធិ៍សែនជ័យ  រាជធានីភ្នំពេញ,ភ្នំពេញ,Michiel Marinus Oerlemans,អគ្គនាយកគ្រប់គ្រងក្រុមហ៊ុន,023 987 905,ទំនិញវេចខ្ចប់,ទឹកសុទ្ធអង្គរ ពូរ៉ូ  ,អង្គរ ពូរ៉ូ  ANGKOR PURO ដបប្លាស្ទិក,38,2026,ចំនួន ២៤ ដបប្លាស្ទិក ចំណុះ ៥០០ ម.ល ,,CMRC20261482,46210.26416,1482.មមជ.2026,2025-07-03,COMPLETED,hKDFVNIhvLyt8o2MXRknsPLmCut2jj5g
231,14,      ស្រាបៀរ កម្ពុជា ខេមប្រ៊ូវ,      អគារលេខ១៨៨១   ផ្លូវសហព័ន្ធរុស្សី   ភូមិតាងួន១   សង្កាត់កាកាបទី១   ខណ្ឌពោធិ៍សែនជ័យ  រាជធានីភ្នំពេញ,ភ្នំពេញ,Michiel Marinus Oerlemans,អគ្គនាយកគ្រប់គ្រងក្រុមហ៊ុន,023 987 905,ទំនិញវេចខ្ចប់,ទឹកសុទ្ធអង្គរ ពូរ៉ូ  ,អង្គរ ពូរ៉ូ  ANGKOR PURO ដបប្លាស្ទិក,38,2026,ចំនួន ១២ ដបប្លាស្ទិក ចំណុះ ១៥០០ ម.ល ,,CMRC20261482,46210.26416,1482.មមជ.2026,2025-07-03,COMPLETED,hKDFVNIhvLyt8o2MXRknsPLmCut2jj5g
231,15,      ស្រាបៀរ កម្ពុជា ខេមប្រ៊ូវ,      អគារលេខ១៨៨១   ផ្លូវសហព័ន្ធរុស្សី   ភូមិតាងួន១   សង្កាត់កាកាបទី១   ខណ្ឌពោធិ៍សែនជ័យ  រាជធានីភ្នំពេញ,ភ្នំពេញ,Michiel Marinus Oerlemans,អគ្គនាយកគ្រប់គ្រងក្រុមហ៊ុន,023 987 905,ទំនិញវេចខ្ចប់,ស្រាបៀរ ANGKOR,អង្គរ (Angkor) ដបកែវ,38,2026,ចំនួន ២៤ ដបកែវ ចំណុះ ៣៣០ ម.ល,,CMRC20261482,46210.26416,1482.មមជ.2026,2025-07-03,COMPLETED,hKDFVNIhvLyt8o2MXRknsPLmCut2jj5g
231,16,      ស្រាបៀរ កម្ពុជា ខេមប្រ៊ូវ,      អគារលេខ១៨៨១   ផ្លូវសហព័ន្ធរុស្សី   ភូមិតាងួន១   សង្កាត់កាកាបទី១   ខណ្ឌពោធិ៍សែនជ័យ  រាជធានីភ្នំពេញ,ភ្នំពេញ,Michiel Marinus Oerlemans,អគ្គនាយកគ្រប់គ្រងក្រុមហ៊ុន,023 987 905,ទំនិញវេចខ្ចប់,ស្រាបៀរ ANGKOR,អង្គរ (Angkor) ដបកែវ,38,2026,ចំនួន ១២ ដបកែវ ចំណុះ ៦៤០ ម.ល,,CMRC20261482,46210.26416,1482.មមជ.2026,2025-07-03,COMPLETED,hKDFVNIhvLyt8o2MXRknsPLmCut2jj5g
231,17,      ស្រាបៀរ កម្ពុជា ខេមប្រ៊ូវ,      អគារលេខ១៨៨១   ផ្លូវសហព័ន្ធរុស្សី   ភូមិតាងួន១   សង្កាត់កាកាបទី១   ខណ្ឌពោធិ៍សែនជ័យ  រាជធានីភ្នំពេញ,ភ្នំពេញ,Michiel Marinus Oerlemans,អគ្គនាយកគ្រប់គ្រងក្រុមហ៊ុន,023 987 905,ទំនិញវេចខ្ចប់,ស្រាបៀរ ANGKOR,អង្គរ (Angkor) កំប៉ុង,38,2026,ចំនួន ២៤ កំប៉ុង ចំណុះ ៣៣០ ម.ល,,CMRC20261482,46210.26416,1482.មមជ.2026,2025-07-03,COMPLETED,hKDFVNIhvLyt8o2MXRknsPLmCut2jj5g
231,18,      ស្រាបៀរ កម្ពុជា ខេមប្រ៊ូវ,      អគារលេខ១៨៨១   ផ្លូវសហព័ន្ធរុស្សី   ភូមិតាងួន១   សង្កាត់កាកាបទី១   ខណ្ឌពោធិ៍សែនជ័យ  រាជធានីភ្នំពេញ,ភ្នំពេញ,Michiel Marinus Oerlemans,អគ្គនាយកគ្រប់គ្រងក្រុមហ៊ុន,023 987 905,ទំនិញវេចខ្ចប់,ស្រាបៀរ ANGKOR SKY,អង្គរ (Angkor Sky) ដបកែវ,38,2026,ចំនួន ២៤ ដបកែវ ចំណុះ ៣៣០ ម.ល,,CMRC20261482,46210.26416,1482.មមជ.2026,2025-07-03,COMPLETED,hKDFVNIhvLyt8o2MXRknsPLmCut2jj5g
231,19,      ស្រាបៀរ កម្ពុជា ខេមប្រ៊ូវ,      អគារលេខ១៨៨១   ផ្លូវសហព័ន្ធរុស្សី   ភូមិតាងួន១   សង្កាត់កាកាបទី១   ខណ្ឌពោធិ៍សែនជ័យ  រាជធានីភ្នំពេញ,ភ្នំពេញ,Michiel Marinus Oerlemans,អគ្គនាយកគ្រប់គ្រងក្រុមហ៊ុន,023 987 905,ទំនិញវេចខ្ចប់,ស្រាបៀរ ANGKOR SKY,អង្គរ (Angkor Sky) កំប៉ុង,38,2026,ចំនួន ២៤ កំប៉ុង ចំណុះ ៣៣០ ម.ល,,CMRC20261482,46210.26416,1482.មមជ.2026,2025-07-03,COMPLETED,hKDFVNIhvLyt8o2MXRknsPLmCut2jj5g
231,20,      ស្រាបៀរ កម្ពុជា ខេមប្រ៊ូវ,      អគារលេខ១៨៨១   ផ្លូវសហព័ន្ធរុស្សី   ភូមិតាងួន១   សង្កាត់កាកាបទី១   ខណ្ឌពោធិ៍សែនជ័យ  រាជធានីភ្នំពេញ,ភ្នំពេញ,Michiel Marinus Oerlemans,អគ្គនាយកគ្រប់គ្រងក្រុមហ៊ុន,023 987 905,ទំនិញវេចខ្ចប់,ស្រាបៀរ ANGKOR EXTRA STOUT,ANGKOR EXTRA STOUT ដបកែវ,38,2026,ចំនួន ២៤ ដបកែវ ចំណុះ ៣៣០ ម.ល,,CMRC20261482,46210.26416,1482.មមជ.2026,2025-07-03,COMPLETED,hKDFVNIhvLyt8o2MXRknsPLmCut2jj5g
231,21,      ស្រាបៀរ កម្ពុជា ខេមប្រ៊ូវ,      អគារលេខ១៨៨១   ផ្លូវសហព័ន្ធរុស្សី   ភូមិតាងួន១   សង្កាត់កាកាបទី១   ខណ្ឌពោធិ៍សែនជ័យ  រាជធានីភ្នំពេញ,ភ្នំពេញ,Michiel Marinus Oerlemans,អគ្គនាយកគ្រប់គ្រងក្រុមហ៊ុន,023 987 905,ទំនិញវេចខ្ចប់,ស្រាបៀរ ANGKOR EXTRA STOUT,ANGKOR EXTRA STOUT ដបកែវ,38,2026,ចំនួន ១២ ដបកែវ ចំណុះ ៦៤០ ម.ល,,CMRC20261482,46210.26416,1482.មមជ.2026,2025-07-03,COMPLETED,hKDFVNIhvLyt8o2MXRknsPLmCut2jj5g
231,22,      ស្រាបៀរ កម្ពុជា ខេមប្រ៊ូវ,      អគារលេខ១៨៨១   ផ្លូវសហព័ន្ធរុស្សី   ភូមិតាងួន១   សង្កាត់កាកាបទី១   ខណ្ឌពោធិ៍សែនជ័យ  រាជធានីភ្នំពេញ,ភ្នំពេញ,Michiel Marinus Oerlemans,អគ្គនាយកគ្រប់គ្រងក្រុមហ៊ុន,023 987 905,ទំនិញវេចខ្ចប់,ស្រាបៀរ CARLSBERG,CARLSBERG ដបកែវ,38,2026,ចំនួន ២៤ ដបកែវ ចំណុះ ៣៣០ ម.ល,,CMRC20261482,46210.26416,1482.មមជ.2026,2025-07-03,COMPLETED,hKDFVNIhvLyt8o2MXRknsPLmCut2jj5g
231,23,      ស្រាបៀរ កម្ពុជា ខេមប្រ៊ូវ,      អគារលេខ១៨៨១   ផ្លូវសហព័ន្ធរុស្សី   ភូមិតាងួន១   សង្កាត់កាកាបទី១   ខណ្ឌពោធិ៍សែនជ័យ  រាជធានីភ្នំពេញ,ភ្នំពេញ,Michiel Marinus Oerlemans,អគ្គនាយកគ្រប់គ្រងក្រុមហ៊ុន,023 987 905,ទំនិញវេចខ្ចប់,ស្រាបៀរ CARLSBERG,CARLSBERG កំប៉ុង,38,2026,ចំនួន ២៤ កំប៉ុង ចំណុះ ៣៣០ ម.ល,,CMRC20261482,46210.26416,1482.មមជ.2026,2025-07-03,COMPLETED,hKDFVNIhvLyt8o2MXRknsPLmCut2jj5g
231,24,      ស្រាបៀរ កម្ពុជា ខេមប្រ៊ូវ,      អគារលេខ១៨៨១   ផ្លូវសហព័ន្ធរុស្សី   ភូមិតាងួន១   សង្កាត់កាកាបទី១   ខណ្ឌពោធិ៍សែនជ័យ  រាជធានីភ្នំពេញ,ភ្នំពេញ,Michiel Marinus Oerlemans,អគ្គនាយកគ្រប់គ្រងក្រុមហ៊ុន,023 987 905,ទំនិញវេចខ្ចប់,ស្រាបៀរ BLACK PANTHER,BLACK PANTHER កំប៉ុង,38,2026,ចំនួន ២៤ កំប៉ុង ចំណុះ ៣៣០ ម.ល,,CMRC20261482,46210.26416,1482.មមជ.2026,2025-07-03,COMPLETED,hKDFVNIhvLyt8o2MXRknsPLmCut2jj5g
231,25,      ស្រាបៀរ កម្ពុជា ខេមប្រ៊ូវ,      អគារលេខ១៨៨១   ផ្លូវសហព័ន្ធរុស្សី   ភូមិតាងួន១   សង្កាត់កាកាបទី១   ខណ្ឌពោធិ៍សែនជ័យ  រាជធានីភ្នំពេញ,ភ្នំពេញ,Michiel Marinus Oerlemans,អគ្គនាយកគ្រប់គ្រងក្រុមហ៊ុន,023 987 905,ទំនិញវេចខ្ចប់,ស្រាបៀរ BLACK PANTHER,BLACK PANTHER កំប៉ុង,38,2026,ចំនួន ២៤ កំប៉ុង ចំណុះ ៥0០ ម.ល,,CMRC20261482,46210.26416,1482.មមជ.2026,2025-07-03,COMPLETED,hKDFVNIhvLyt8o2MXRknsPLmCut2jj5g
231,26,      ស្រាបៀរ កម្ពុជា ខេមប្រ៊ូវ,      អគារលេខ១៨៨១   ផ្លូវសហព័ន្ធរុស្សី   ភូមិតាងួន១   សង្កាត់កាកាបទី១   ខណ្ឌពោធិ៍សែនជ័យ  រាជធានីភ្នំពេញ,ភ្នំពេញ,Michiel Marinus Oerlemans,អគ្គនាយកគ្រប់គ្រងក្រុមហ៊ុន,023 987 905,ទំនិញវេចខ្ចប់,ស្រាបៀរ BLACK PANTHER NEW MOON,BLACK PANTHER NEW MOON កំប៉ុង,38,2026,ចំនួន ២៤ កំប៉ុង ចំណុះ ៣៣០ ម.ល,,CMRC20261482,46210.26416,1482.មមជ.2026,2025-07-03,COMPLETED,hKDFVNIhvLyt8o2MXRknsPLmCut2jj5g
231,27,      ស្រាបៀរ កម្ពុជា ខេមប្រ៊ូវ,      អគារលេខ១៨៨១   ផ្លូវសហព័ន្ធរុស្សី   ភូមិតាងួន១   សង្កាត់កាកាបទី១   ខណ្ឌពោធិ៍សែនជ័យ  រាជធានីភ្នំពេញ,ភ្នំពេញ,Michiel Marinus Oerlemans,អគ្គនាយកគ្រប់គ្រងក្រុមហ៊ុន,023 987 905,ទំនិញវេចខ្ចប់,ស្រាបៀរ BLACK PANTHER NEW MOON,BLACK PANTHER NEW MOON ដបកែវ,38,2026,ចំនួន ២៤ ដបកែវ ចំណុះ ៣៣០ ម.ល,,CMRC20261482,46210.26416,1482.មមជ.2026,2025-07-03,COMPLETED,hKDFVNIhvLyt8o2MXRknsPLmCut2jj5g
231,28,      ស្រាបៀរ កម្ពុជា ខេមប្រ៊ូវ,      អគារលេខ១៨៨១   ផ្លូវសហព័ន្ធរុស្សី   ភូមិតាងួន១   សង្កាត់កាកាបទី១   ខណ្ឌពោធិ៍សែនជ័យ  រាជធានីភ្នំពេញ,ភ្នំពេញ,Michiel Marinus Oerlemans,អគ្គនាយកគ្រប់គ្រងក្រុមហ៊ុន,023 987 905,ទំនិញវេចខ្ចប់,ស្រាបៀរSOMERSBY APPLE CIDER,SOMERSBY ដបកែវ,134,2026,ចំនួន ២៤ ដបកែវ ចំណុះ ៣៣០ ម.ល,,CMRC20261482,46210.26416,1482.មមជ.2026,2025-07-03,COMPLETED,hKDFVNIhvLyt8o2MXRknsPLmCut2jj5g
231,29,      ស្រាបៀរ កម្ពុជា ខេមប្រ៊ូវ,      អគារលេខ១៨៨១   ផ្លូវសហព័ន្ធរុស្សី   ភូមិតាងួន១   សង្កាត់កាកាបទី១   ខណ្ឌពោធិ៍សែនជ័យ  រាជធានីភ្នំពេញ,ភ្នំពេញ,Michiel Marinus Oerlemans,អគ្គនាយកគ្រប់គ្រងក្រុមហ៊ុន,023 987 905,ទំនិញវេចខ្ចប់,ស្រាបៀរ KRONENBOURG 1664 BLANC,Kronenbourg 1664 Blanc ដបកែវ,45,2026,ចំនួន ២៤ ដបកែវ ចំណុះ ៣៣០ ម.ល,,CMRC20261482,46210.26416,1482.មមជ.2026,2025-07-03,COMPLETED,hKDFVNIhvLyt8o2MXRknsPLmCut2jj5g
231,30,      ស្រាបៀរ កម្ពុជា ខេមប្រ៊ូវ,      អគារលេខ១៨៨១   ផ្លូវសហព័ន្ធរុស្សី   ភូមិតាងួន១   សង្កាត់កាកាបទី១   ខណ្ឌពោធិ៍សែនជ័យ  រាជធានីភ្នំពេញ,ភ្នំពេញ,Michiel Marinus Oerlemans,អគ្គនាយកគ្រប់គ្រងក្រុមហ៊ុន,023 987 905,ទំនិញវេចខ្ចប់,ស្រាបៀរ SINGHA,SINGHA កំប៉ុង,38,2026,ចំនួន ២៤ កំប៉ុង ចំណុះ ៣៣០ ម.ល,,CMRC20261482,46210.26416,1482.មមជ.2026,2025-07-03,COMPLETED,hKDFVNIhvLyt8o2MXRknsPLmCut2jj5g
231,31,      ស្រាបៀរ កម្ពុជា ខេមប្រ៊ូវ,      អគារលេខ១៨៨១   ផ្លូវសហព័ន្ធរុស្សី   ភូមិតាងួន១   សង្កាត់កាកាបទី១   ខណ្ឌពោធិ៍សែនជ័យ  រាជធានីភ្នំពេញ,ភ្នំពេញ,Michiel Marinus Oerlemans,អគ្គនាយកគ្រប់គ្រងក្រុមហ៊ុន,023 987 905,ទំនិញវេចខ្ចប់,ស្រាបៀរ SINGHA,SINGHA ដបកែវ,38,2026,ចំនួន ២៤ ដបកែវ ចំណុះ ៣៣០ ម.ល,,CMRC20261482,46210.26416,1482.មមជ.2026,2025-07-03,COMPLETED,hKDFVNIhvLyt8o2MXRknsPLmCut2jj5g
231,32,      ស្រាបៀរ កម្ពុជា ខេមប្រ៊ូវ,      អគារលេខ១៨៨១   ផ្លូវសហព័ន្ធរុស្សី   ភូមិតាងួន១   សង្កាត់កាកាបទី១   ខណ្ឌពោធិ៍សែនជ័យ  រាជធានីភ្នំពេញ,ភ្នំពេញ,Michiel Marinus Oerlemans,អគ្គនាយកគ្រប់គ្រងក្រុមហ៊ុន,023 987 905,ទំនិញវេចខ្ចប់,ស្រាបៀរ SINGHA,SINGHA ដបកែវ,38,2026,ចំនួន ១២ ដបកែវ ចំណុះ ៦៣០ ម.ល,,CMRC20261482,46210.26416,1482.មមជ.2026,2025-07-03,COMPLETED,hKDFVNIhvLyt8o2MXRknsPLmCut2jj5g
231,33,      ស្រាបៀរ កម្ពុជា ខេមប្រ៊ូវ,      អគារលេខ១៨៨១   ផ្លូវសហព័ន្ធរុស្សី   ភូមិតាងួន១   សង្កាត់កាកាបទី១   ខណ្ឌពោធិ៍សែនជ័យ  រាជធានីភ្នំពេញ,ភ្នំពេញ,Michiel Marinus Oerlemans,អគ្គនាយកគ្រប់គ្រងក្រុមហ៊ុន,023 987 905,ទំនិញវេចខ្ចប់,ស្រាបៀរ ANGKOR,អង្គរ (Angkor) ធុង,38,2026,ធុង ចំណុះ ២២.៩ ល,,CMRC20261482,46210.26416,1482.មមជ.2026,2025-07-03,COMPLETED,hKDFVNIhvLyt8o2MXRknsPLmCut2jj5g
231,34,      ស្រាបៀរ កម្ពុជា ខេមប្រ៊ូវ,      អគារលេខ១៨៨១   ផ្លូវសហព័ន្ធរុស្សី   ភូមិតាងួន១   សង្កាត់កាកាបទី១   ខណ្ឌពោធិ៍សែនជ័យ  រាជធានីភ្នំពេញ,ភ្នំពេញ,Michiel Marinus Oerlemans,អគ្គនាយកគ្រប់គ្រងក្រុមហ៊ុន,023 987 905,ទំនិញវេចខ្ចប់,ស្រាបៀរ CARLSBERG,CARLSBERG ធុង,38,2026,ធុង ចំណុះ ២២.៩ ល,,CMRC20261482,46210.26416,1482.មមជ.2026,2025-07-03,COMPLETED,hKDFVNIhvLyt8o2MXRknsPLmCut2jj5g
231,35,      ស្រាបៀរ កម្ពុជា ខេមប្រ៊ូវ,      អគារលេខ១៨៨១   ផ្លូវសហព័ន្ធរុស្សី   ភូមិតាងួន១   សង្កាត់កាកាបទី១   ខណ្ឌពោធិ៍សែនជ័យ  រាជធានីភ្នំពេញ,ភ្នំពេញ,Michiel Marinus Oerlemans,អគ្គនាយកគ្រប់គ្រងក្រុមហ៊ុន,023 987 905,ទំនិញវេចខ្ចប់,ស្រាបៀរ CARLSBERG,CARLSBERG ធុង,38,2026,ធុង ចំណុះ ១០ ល,,CMRC20261482,46210.26416,1482.មមជ.2026,2025-07-03,COMPLETED,hKDFVNIhvLyt8o2MXRknsPLmCut2jj5g
231,36,      ស្រាបៀរ កម្ពុជា ខេមប្រ៊ូវ,      អគារលេខ១៨៨១   ផ្លូវសហព័ន្ធរុស្សី   ភូមិតាងួន១   សង្កាត់កាកាបទី១   ខណ្ឌពោធិ៍សែនជ័យ  រាជធានីភ្នំពេញ,ភ្នំពេញ,Michiel Marinus Oerlemans,អគ្គនាយកគ្រប់គ្រងក្រុមហ៊ុន,023 987 905,ទំនិញវេចខ្ចប់,ស្រាបៀរ SINGHA,SINGHA ធុង,38,2026,ធុង ចំណុះ ២២.៩ ល,,CMRC20261482,46210.26416,1482.មមជ.2026,2025-07-03,COMPLETED,hKDFVNIhvLyt8o2MXRknsPLmCut2jj5g
231,37,      ស្រាបៀរ កម្ពុជា ខេមប្រ៊ូវ,      អគារលេខ១៨៨១   ផ្លូវសហព័ន្ធរុស្សី   ភូមិតាងួន១   សង្កាត់កាកាបទី១   ខណ្ឌពោធិ៍សែនជ័យ  រាជធានីភ្នំពេញ,ភ្នំពេញ,Michiel Marinus Oerlemans,អគ្គនាយកគ្រប់គ្រងក្រុមហ៊ុន,023 987 905,ទំនិញវេចខ្ចប់,ស្រាបៀរ ANGKOR SKY,អង្គរ (Angkor Sky) ធុង,38,2026,ធុង ចំណុះ ១០ ល,,CMRC20261482,46210.26416,1482.មមជ.2026,2025-07-03,COMPLETED,hKDFVNIhvLyt8o2MXRknsPLmCut2jj5g
231,38,      ស្រាបៀរ កម្ពុជា ខេមប្រ៊ូវ,      អគារលេខ១៨៨១   ផ្លូវសហព័ន្ធរុស្សី   ភូមិតាងួន១   សង្កាត់កាកាបទី១   ខណ្ឌពោធិ៍សែនជ័យ  រាជធានីភ្នំពេញ,ភ្នំពេញ,Michiel Marinus Oerlemans,អគ្គនាយកគ្រប់គ្រងក្រុមហ៊ុន,023 987 905,ទំនិញវេចខ្ចប់,ស្រាបៀរ ANGKOR SKY,អង្គរ (Angkor Sky) ធុង,38,2026,ធុង ចំណុះ ២២.៩ ល,,CMRC20261482,46210.26416,1482.មមជ.2026,2025-07-03,COMPLETED,hKDFVNIhvLyt8o2MXRknsPLmCut2jj5g
231,39,      ស្រាបៀរ កម្ពុជា ខេមប្រ៊ូវ,      អគារលេខ១៨៨១   ផ្លូវសហព័ន្ធរុស្សី   ភូមិតាងួន១   សង្កាត់កាកាបទី១   ខណ្ឌពោធិ៍សែនជ័យ  រាជធានីភ្នំពេញ,ភ្នំពេញ,Michiel Marinus Oerlemans,អគ្គនាយកគ្រប់គ្រងក្រុមហ៊ុន,023 987 905,ទំនិញវេចខ្ចប់,ភេសជ្ជៈ(ទឹកក្រូច) PEPSI,PEPSI កំប៉ុង,38,2026,ចំនួន ២៤ កំប៉ុង ចំណុះ ៣៣០ ម.ល,,CMRC20261482,46210.26416,1482.មមជ.2026,2025-07-03,COMPLETED,hKDFVNIhvLyt8o2MXRknsPLmCut2jj5g
231,40,      ស្រាបៀរ កម្ពុជា ខេមប្រ៊ូវ,      អគារលេខ១៨៨១   ផ្លូវសហព័ន្ធរុស្សី   ភូមិតាងួន១   សង្កាត់កាកាបទី១   ខណ្ឌពោធិ៍សែនជ័យ  រាជធានីភ្នំពេញ,ភ្នំពេញ,Michiel Marinus Oerlemans,អគ្គនាយកគ្រប់គ្រងក្រុមហ៊ុន,023 987 905,ទំនិញវេចខ្ចប់,ភេសជ្ជៈ(ទឹកក្រូច) PEPSI,PEPSI កំប៉ុង,38,2026,ចំនួន ២៤ កំប៉ុង ចំណុះ ២៤០ ម.ល,,CMRC20261482,46210.26416,1482.មមជ.2026,2025-07-03,COMPLETED,hKDFVNIhvLyt8o2MXRknsPLmCut2jj5g
231,41,      ស្រាបៀរ កម្ពុជា ខេមប្រ៊ូវ,      អគារលេខ១៨៨១   ផ្លូវសហព័ន្ធរុស្សី   ភូមិតាងួន១   សង្កាត់កាកាបទី១   ខណ្ឌពោធិ៍សែនជ័យ  រាជធានីភ្នំពេញ,ភ្នំពេញ,Michiel Marinus Oerlemans,អគ្គនាយកគ្រប់គ្រងក្រុមហ៊ុន,023 987 905,ទំនិញវេចខ្ចប់,ភេសជ្ជៈ(ទឹកក្រូច) PEPSI,PEPSI ដបប្លាស្ទិក,38,2026,ចំនួន ២៤ ដបប្លាស្ទិក ចំណុះ ៣៩០ ម.ល,,CMRC20261482,46210.26416,1482.មមជ.2026,2025-07-03,COMPLETED,hKDFVNIhvLyt8o2MXRknsPLmCut2jj5g
231,42,      ស្រាបៀរ កម្ពុជា ខេមប្រ៊ូវ,      អគារលេខ១៨៨១   ផ្លូវសហព័ន្ធរុស្សី   ភូមិតាងួន១   សង្កាត់កាកាបទី១   ខណ្ឌពោធិ៍សែនជ័យ  រាជធានីភ្នំពេញ,ភ្នំពេញ,Michiel Marinus Oerlemans,អគ្គនាយកគ្រប់គ្រងក្រុមហ៊ុន,023 987 905,ទំនិញវេចខ្ចប់,ភេសជ្ជៈ(ទឹកក្រូច) PEPSI,PEPSI ដបប្លាស្ទិក,38,2026,ចំនួន ២៤ ដបប្លាស្ទិក ចំណុះ ៦៦០ ម.ល,,CMRC20261482,46210.26416,1482.មមជ.2026,2025-07-03,COMPLETED,hKDFVNIhvLyt8o2MXRknsPLmCut2jj5g
231,43,      ស្រាបៀរ កម្ពុជា ខេមប្រ៊ូវ,      អគារលេខ១៨៨១   ផ្លូវសហព័ន្ធរុស្សី   ភូមិតាងួន១   សង្កាត់កាកាបទី១   ខណ្ឌពោធិ៍សែនជ័យ  រាជធានីភ្នំពេញ,ភ្នំពេញ,Michiel Marinus Oerlemans,អគ្គនាយកគ្រប់គ្រងក្រុមហ៊ុន,023 987 905,ទំនិញវេចខ្ចប់,ភេសជ្ជៈ(ទឹកក្រូច) PEPSI,PEPSI ដបប្លាស្ទិក,38,2026,ចំនួន ៦ ដបប្លាស្ទិក ចំណុះ ១៥០០ ម.ល,,CMRC20261482,46210.26416,1482.មមជ.2026,2025-07-03,COMPLETED,hKDFVNIhvLyt8o2MXRknsPLmCut2jj5g
231,44,      ស្រាបៀរ កម្ពុជា ខេមប្រ៊ូវ,      អគារលេខ១៨៨១   ផ្លូវសហព័ន្ធរុស្សី   ភូមិតាងួន១   សង្កាត់កាកាបទី១   ខណ្ឌពោធិ៍សែនជ័យ  រាជធានីភ្នំពេញ,ភ្នំពេញ,Michiel Marinus Oerlemans,អគ្គនាយកគ្រប់គ្រងក្រុមហ៊ុន,023 987 905,ទំនិញវេចខ្ចប់,ភេសជ្ជៈ(ទឹកក្រូច) MIRINDA ORANGE,MIRINDA កំប៉ុង,38,2026,ចំនួន ២៤ កំប៉ុង ចំណុះ ៣៣០ ម.ល,,CMRC20261482,46210.26416,1482.មមជ.2026,2025-07-03,COMPLETED,hKDFVNIhvLyt8o2MXRknsPLmCut2jj5g
231,45,      ស្រាបៀរ កម្ពុជា ខេមប្រ៊ូវ,      អគារលេខ១៨៨១   ផ្លូវសហព័ន្ធរុស្សី   ភូមិតាងួន១   សង្កាត់កាកាបទី១   ខណ្ឌពោធិ៍សែនជ័យ  រាជធានីភ្នំពេញ,ភ្នំពេញ,Michiel Marinus Oerlemans,អគ្គនាយកគ្រប់គ្រងក្រុមហ៊ុន,023 987 905,ទំនិញវេចខ្ចប់,ភេសជ្ជៈ(ទឹកក្រូច) MIRINDA ORANGE,MIRINDA កំប៉ុង,38,2026,ចំនួន ២៤ កំប៉ុង ចំណុះ ២៤០ ម.ល,,CMRC20261482,46210.26416,1482.មមជ.2026,2025-07-03,COMPLETED,hKDFVNIhvLyt8o2MXRknsPLmCut2jj5g
231,46,      ស្រាបៀរ កម្ពុជា ខេមប្រ៊ូវ,      អគារលេខ១៨៨១   ផ្លូវសហព័ន្ធរុស្សី   ភូមិតាងួន១   សង្កាត់កាកាបទី១   ខណ្ឌពោធិ៍សែនជ័យ  រាជធានីភ្នំពេញ,ភ្នំពេញ,Michiel Marinus Oerlemans,អគ្គនាយកគ្រប់គ្រងក្រុមហ៊ុន,023 987 905,ទំនិញវេចខ្ចប់,ភេសជ្ជៈ(ទឹកក្រូច) MIRINDA GREEN,MIRINDA កំប៉ុង,38,2026,ចំនួន ២៤ កំប៉ុង ចំណុះ ៣៣០ ម.ល,,CMRC20261482,46210.26416,1482.មមជ.2026,2025-07-03,COMPLETED,hKDFVNIhvLyt8o2MXRknsPLmCut2jj5g
231,47,      ស្រាបៀរ កម្ពុជា ខេមប្រ៊ូវ,      អគារលេខ១៨៨១   ផ្លូវសហព័ន្ធរុស្សី   ភូមិតាងួន១   សង្កាត់កាកាបទី១   ខណ្ឌពោធិ៍សែនជ័យ  រាជធានីភ្នំពេញ,ភ្នំពេញ,Michiel Marinus Oerlemans,អគ្គនាយកគ្រប់គ្រងក្រុមហ៊ុន,023 987 905,ទំនិញវេចខ្ចប់,ភេសជ្ជៈ(ទឹកក្រូច) MIRINDA GREEN,MIRINDA កំប៉ុង,38,2026,ចំនួន ២៤ កំប៉ុង ចំណុះ ២៤០ ម.ល,,CMRC20261482,46210.26416,1482.មមជ.2026,2025-07-03,COMPLETED,hKDFVNIhvLyt8o2MXRknsPLmCut2jj5g
231,48,      ស្រាបៀរ កម្ពុជា ខេមប្រ៊ូវ,      អគារលេខ១៨៨១   ផ្លូវសហព័ន្ធរុស្សី   ភូមិតាងួន១   សង្កាត់កាកាបទី១   ខណ្ឌពោធិ៍សែនជ័យ  រាជធានីភ្នំពេញ,ភ្នំពេញ,Michiel Marinus Oerlemans,អគ្គនាយកគ្រប់គ្រងក្រុមហ៊ុន,023 987 905,ទំនិញវេចខ្ចប់,ភេសជ្ជៈ(ទឹកក្រូច) 7UP,7UP កំប៉ុង,38,2026,ចំនួន ២៤ កំប៉ុង ចំណុះ ៣៣០ ម.ល,,CMRC20261482,46210.26416,1482.មមជ.2026,2025-07-03,COMPLETED,hKDFVNIhvLyt8o2MXRknsPLmCut2jj5g
231,49,      ស្រាបៀរ កម្ពុជា ខេមប្រ៊ូវ,      អគារលេខ១៨៨១   ផ្លូវសហព័ន្ធរុស្សី   ភូមិតាងួន១   សង្កាត់កាកាបទី១   ខណ្ឌពោធិ៍សែនជ័យ  រាជធានីភ្នំពេញ,ភ្នំពេញ,Michiel Marinus Oerlemans,អគ្គនាយកគ្រប់គ្រងក្រុមហ៊ុន,023 987 905,ទំនិញវេចខ្ចប់,ភេសជ្ជៈ(ទឹកក្រូច) 7UP,7UP កំប៉ុង,38,2026,ចំនួន ២៤ កំប៉ុង ចំណុះ ២៤០ ម.ល,,CMRC20261482,46210.26416,1482.មមជ.2026,2025-07-03,COMPLETED,hKDFVNIhvLyt8o2MXRknsPLmCut2jj5g
231,50,      ស្រាបៀរ កម្ពុជា ខេមប្រ៊ូវ,      អគារលេខ១៨៨១   ផ្លូវសហព័ន្ធរុស្សី   ភូមិតាងួន១   សង្កាត់កាកាបទី១   ខណ្ឌពោធិ៍សែនជ័យ  រាជធានីភ្នំពេញ,ភ្នំពេញ,Michiel Marinus Oerlemans,អគ្គនាយកគ្រប់គ្រងក្រុមហ៊ុន,023 987 905,ទំនិញវេចខ្ចប់,ភេសជ្ជៈ(ទឹកក្រូច) STING Berry Blast,STING កំប៉ុង,38,2026,ចំនួន ២៤ កំប៉ុង ចំណុះ ៣៣០ ម.ល,,CMRC20261482,46210.26416,1482.មមជ.2026,2025-07-03,COMPLETED,hKDFVNIhvLyt8o2MXRknsPLmCut2jj5g
231,51,      ស្រាបៀរ កម្ពុជា ខេមប្រ៊ូវ,      អគារលេខ១៨៨១   ផ្លូវសហព័ន្ធរុស្សី   ភូមិតាងួន១   សង្កាត់កាកាបទី១   ខណ្ឌពោធិ៍សែនជ័យ  រាជធានីភ្នំពេញ,ភ្នំពេញ,Michiel Marinus Oerlemans,អគ្គនាយកគ្រប់គ្រងក្រុមហ៊ុន,023 987 905,ទំនិញវេចខ្ចប់,ភេសជ្ជៈ(ទឹកក្រូច) STING Berry Blast,STING កំប៉ុង,38,2026,ចំនួន ២៤ កំប៉ុង ចំណុះ ២៤០ ម.ល,,CMRC20261482,46210.26416,1482.មមជ.2026,2025-07-03,COMPLETED,hKDFVNIhvLyt8o2MXRknsPLmCut2jj5g
231,52,      ស្រាបៀរ កម្ពុជា ខេមប្រ៊ូវ,      អគារលេខ១៨៨១   ផ្លូវសហព័ន្ធរុស្សី   ភូមិតាងួន១   សង្កាត់កាកាបទី១   ខណ្ឌពោធិ៍សែនជ័យ  រាជធានីភ្នំពេញ,ភ្នំពេញ,Michiel Marinus Oerlemans,អគ្គនាយកគ្រប់គ្រងក្រុមហ៊ុន,023 987 905,ទំនិញវេចខ្ចប់,ភេសជ្ជៈ(ទឹកក្រូច) STING Berry Blast,STING ដបប្លាស្ទិក,38,2026,ចំនួន ២៤ ដបប្លាស្ទិក ចំណុះ ៥0០ ម.ល,,CMRC20261482,46210.26416,1482.មមជ.2026,2025-07-03,COMPLETED,hKDFVNIhvLyt8o2MXRknsPLmCut2jj5g
231,53,      ស្រាបៀរ កម្ពុជា ខេមប្រ៊ូវ,      អគារលេខ១៨៨១   ផ្លូវសហព័ន្ធរុស្សី   ភូមិតាងួន១   សង្កាត់កាកាបទី១   ខណ្ឌពោធិ៍សែនជ័យ  រាជធានីភ្នំពេញ,ភ្នំពេញ,Michiel Marinus Oerlemans,អគ្គនាយកគ្រប់គ្រងក្រុមហ៊ុន,023 987 905,ទំនិញវេចខ្ចប់,ភេសជ្ជៈ(ទឹកក្រូច) STING Gold Rush,STING កំប៉ុង,38,2026,ចំនួន ២៤ កំប៉ុង ចំណុះ ៣៣០ ម.ល,,CMRC20261482,46210.26416,1482.មមជ.2026,2025-07-03,COMPLETED,hKDFVNIhvLyt8o2MXRknsPLmCut2jj5g
231,54,      ស្រាបៀរ កម្ពុជា ខេមប្រ៊ូវ,      អគារលេខ១៨៨១   ផ្លូវសហព័ន្ធរុស្សី   ភូមិតាងួន១   សង្កាត់កាកាបទី១   ខណ្ឌពោធិ៍សែនជ័យ  រាជធានីភ្នំពេញ,ភ្នំពេញ,Michiel Marinus Oerlemans,អគ្គនាយកគ្រប់គ្រងក្រុមហ៊ុន,023 987 905,ទំនិញវេចខ្ចប់,ភេសជ្ជៈ(ទឹកក្រូច) STING Gold Rush,STING ដបប្លាស្ទិក,38,2026,ចំនួន ២៤ ដបប្លាស្ទិក ចំណុះ ៥0០ ម.ល,,CMRC20261482,46210.26416,1482.មមជ.2026,2025-07-03,COMPLETED,hKDFVNIhvLyt8o2MXRknsPLmCut2jj5g
231,55,      ស្រាបៀរ កម្ពុជា ខេមប្រ៊ូវ,      អគារលេខ១៨៨១   ផ្លូវសហព័ន្ធរុស្សី   ភូមិតាងួន១   សង្កាត់កាកាបទី១   ខណ្ឌពោធិ៍សែនជ័យ  រាជធានីភ្នំពេញ,ភ្នំពេញ,Michiel Marinus Oerlemans,អគ្គនាយកគ្រប់គ្រងក្រុមហ៊ុន,023 987 905,ទំនិញវេចខ្ចប់,ភេសជ្ជៈ(ទឹកក្រូច) STING Power,STING កំប៉ុង,38,2026,ចំនួន ២៤ កំប៉ុង ចំណុះ ២៥០ ម.ល,,CMRC20261482,46210.26416,1482.មមជ.2026,2025-07-03,COMPLETED,hKDFVNIhvLyt8o2MXRknsPLmCut2jj5g
231,56,      ស្រាបៀរ កម្ពុជា ខេមប្រ៊ូវ,      អគារលេខ១៨៨១   ផ្លូវសហព័ន្ធរុស្សី   ភូមិតាងួន១   សង្កាត់កាកាបទី១   ខណ្ឌពោធិ៍សែនជ័យ  រាជធានីភ្នំពេញ,ភ្នំពេញ,Michiel Marinus Oerlemans,អគ្គនាយកគ្រប់គ្រងក្រុមហ៊ុន,023 987 905,ទំនិញវេចខ្ចប់,ភេសជ្ជៈ(ទឹកក្រូច) PEPSI LIME,PEPSI កំប៉ុង,38,2026,ចំនួន ២៤ កំប៉ុង ចំណុះ ៣៣០ ម.ល,,CMRC20261482,46210.26416,1482.មមជ.2026,2025-07-03,COMPLETED,hKDFVNIhvLyt8o2MXRknsPLmCut2jj5g
231,57,      ស្រាបៀរ កម្ពុជា ខេមប្រ៊ូវ,      អគារលេខ១៨៨១   ផ្លូវសហព័ន្ធរុស្សី   ភូមិតាងួន១   សង្កាត់កាកាបទី១   ខណ្ឌពោធិ៍សែនជ័យ  រាជធានីភ្នំពេញ,ភ្នំពេញ,Michiel Marinus Oerlemans,អគ្គនាយកគ្រប់គ្រងក្រុមហ៊ុន,023 987 905,ទំនិញវេចខ្ចប់,ភេសជ្ជៈ(ទឹកក្រូច) PEPSI,PEPSI ធុង,38,2026,ធុង ចំណុះ ១៨.៩ ល,,CMRC20261482,46210.26416,1482.មមជ.2026,2025-07-03,COMPLETED,hKDFVNIhvLyt8o2MXRknsPLmCut2jj5g
231,58,      ស្រាបៀរ កម្ពុជា ខេមប្រ៊ូវ,      អគារលេខ១៨៨១   ផ្លូវសហព័ន្ធរុស្សី   ភូមិតាងួន១   សង្កាត់កាកាបទី១   ខណ្ឌពោធិ៍សែនជ័យ  រាជធានីភ្នំពេញ,ភ្នំពេញ,Michiel Marinus Oerlemans,អគ្គនាយកគ្រប់គ្រងក្រុមហ៊ុន,023 987 905,ទំនិញវេចខ្ចប់,ភេសជ្ជៈ(ទឹកក្រូច) MIRINDA ORANGE,MIRINDA ធុង,38,2026,ធុង ចំណុះ ១៨.៩ ល,,CMRC20261482,46210.26416,1482.មមជ.2026,2025-07-03,COMPLETED,hKDFVNIhvLyt8o2MXRknsPLmCut2jj5g
231,59,      ស្រាបៀរ កម្ពុជា ខេមប្រ៊ូវ,      អគារលេខ១៨៨១   ផ្លូវសហព័ន្ធរុស្សី   ភូមិតាងួន១   សង្កាត់កាកាបទី១   ខណ្ឌពោធិ៍សែនជ័យ  រាជធានីភ្នំពេញ,ភ្នំពេញ,Michiel Marinus Oerlemans,អគ្គនាយកគ្រប់គ្រងក្រុមហ៊ុន,023 987 905,ទំនិញវេចខ្ចប់,ភេសជ្ជៈ(ទឹកក្រូច) 7UP,7UP ធុង,38,2026,ធុង ចំណុះ ១៨.៩ ល,,CMRC20261482,46210.26416,1482.មមជ.2026,2025-07-03,COMPLETED,hKDFVNIhvLyt8o2MXRknsPLmCut2jj5g
231,60,      ស្រាបៀរ កម្ពុជា ខេមប្រ៊ូវ,      អគារលេខ១៨៨១   ផ្លូវសហព័ន្ធរុស្សី   ភូមិតាងួន១   សង្កាត់កាកាបទី១   ខណ្ឌពោធិ៍សែនជ័យ  រាជធានីភ្នំពេញ,ភ្នំពេញ,Michiel Marinus Oerlemans,អគ្គនាយកគ្រប់គ្រងក្រុមហ៊ុន,023 987 905,ទំនិញវេចខ្ចប់,ភេសជ្ជៈ(ទឹកក្រូច) PEPSI,PEPSI កេសក្រដាស,241,2026,កេសក្រដាស ចំណុះ២០ ល,,CMRC20261482,46210.26416,1482.មមជ.2026,2025-07-03,COMPLETED,hKDFVNIhvLyt8o2MXRknsPLmCut2jj5g
231,61,      ស្រាបៀរ កម្ពុជា ខេមប្រ៊ូវ,      អគារលេខ១៨៨១   ផ្លូវសហព័ន្ធរុស្សី   ភូមិតាងួន១   សង្កាត់កាកាបទី១   ខណ្ឌពោធិ៍សែនជ័យ  រាជធានីភ្នំពេញ,ភ្នំពេញ,Michiel Marinus Oerlemans,អគ្គនាយកគ្រប់គ្រងក្រុមហ៊ុន,023 987 905,ទំនិញវេចខ្ចប់,ភេសជ្ជៈ(ទឹកក្រូច) MIRINDA ORANGE,MIRINDA កេសក្រដាស,241,2026,កេសក្រដាស ចំណុះ១០ ល,,CMRC20261482,46210.26416,1482.មមជ.2026,2025-07-03,COMPLETED,hKDFVNIhvLyt8o2MXRknsPLmCut2jj5g
231,62,      ស្រាបៀរ កម្ពុជា ខេមប្រ៊ូវ,      អគារលេខ១៨៨១   ផ្លូវសហព័ន្ធរុស្សី   ភូមិតាងួន១   សង្កាត់កាកាបទី១   ខណ្ឌពោធិ៍សែនជ័យ  រាជធានីភ្នំពេញ,ភ្នំពេញ,Michiel Marinus Oerlemans,អគ្គនាយកគ្រប់គ្រងក្រុមហ៊ុន,023 987 905,ទំនិញវេចខ្ចប់,ភេសជ្ជៈ(ទឹកក្រូច) 7UP,7UP កេសក្រដាស,241,2026,កេសក្រដាស ចំណុះ១០ ល,,CMRC20261482,46210.26416,1482.មមជ.2026,2025-07-03,COMPLETED,hKDFVNIhvLyt8o2MXRknsPLmCut2jj5g
231,63,      ស្រាបៀរ កម្ពុជា ខេមប្រ៊ូវ,      អគារលេខ១៨៨១   ផ្លូវសហព័ន្ធរុស្សី   ភូមិតាងួន១   សង្កាត់កាកាបទី១   ខណ្ឌពោធិ៍សែនជ័យ  រាជធានីភ្នំពេញ,ភ្នំពេញ,Michiel Marinus Oerlemans,អគ្គនាយកគ្រប់គ្រងក្រុមហ៊ុន,023 987 905,ទំនិញវេចខ្ចប់,ភេសជ្ជៈ(ទឹកក្រូច) PEPSI,PEPSI កេសក្រដាស,38,2026,កេសក្រដាស ចំណុះ២០ ល,,CMRC20261482,46210.26416,1482.មមជ.2026,2025-07-03,COMPLETED,hKDFVNIhvLyt8o2MXRknsPLmCut2jj5g
231,64,      ស្រាបៀរ កម្ពុជា ខេមប្រ៊ូវ,      អគារលេខ១៨៨១   ផ្លូវសហព័ន្ធរុស្សី   ភូមិតាងួន១   សង្កាត់កាកាបទី១   ខណ្ឌពោធិ៍សែនជ័យ  រាជធានីភ្នំពេញ,ភ្នំពេញ,Michiel Marinus Oerlemans,អគ្គនាយកគ្រប់គ្រងក្រុមហ៊ុន,023 987 905,ទំនិញវេចខ្ចប់,ភេសជ្ជៈ(ទឹកក្រូច) MIRINDA ORANGE,MIRINDA កេសក្រដាស,38,2026,កេសក្រដាស ចំណុះ១០ ល,,CMRC20261482,46210.26416,1482.មមជ.2026,2025-07-03,COMPLETED,hKDFVNIhvLyt8o2MXRknsPLmCut2jj5g
231,65,      ស្រាបៀរ កម្ពុជា ខេមប្រ៊ូវ,      អគារលេខ១៨៨១   ផ្លូវសហព័ន្ធរុស្សី   ភូមិតាងួន១   សង្កាត់កាកាបទី១   ខណ្ឌពោធិ៍សែនជ័យ  រាជធានីភ្នំពេញ,ភ្នំពេញ,Michiel Marinus Oerlemans,អគ្គនាយកគ្រប់គ្រងក្រុមហ៊ុន,023 987 905,ទំនិញវេចខ្ចប់,ភេសជ្ជៈ(ទឹកក្រូច) 7UP,7UP កេសក្រដាស,38,2026,កេសក្រដាស ចំណុះ១០ ល,,CMRC20261482,46210.26416,1482.មមជ.2026,2025-07-03,COMPLETED,hKDFVNIhvLyt8o2MXRknsPLmCut2jj5g
241,1,        ដេប៉ូប្រេងឥន្ធនៈ  ហ៊ល​ សោភាន់,        ភូមិអូរតាពូង   ឃុំរកាកោះ   ស្រុកគងពិសី   ខេត្តកំពង់ស្ពឺ,កំពង់ស្ពឺ,លោកស្រី.​ ហ៊ល​ សោភាន់,ជាម្ចាស់ដេប៉ូប្រេងឥន្ទនៈ,085220255,ឧបករណ៍មាត្រាសាស្ត្រ,ឧបករណ៍បូមប្រេង,ET.N367,45,2024,45L/min,±0.5%,CMRC20261456,46211.38296,1456.មមជ.2026,2024-05-14,COMPLETED,iaP0rn43TAiRg459uMJfOPNBo6Y2UPKU
241,2,        ដេប៉ូប្រេងឥន្ធនៈ  ហ៊ល​ សោភាន់,        ភូមិអូរតាពូង   ឃុំរកាកោះ   ស្រុកគងពិសី   ខេត្តកំពង់ស្ពឺ,កំពង់ស្ពឺ,លោកស្រី.​ ហ៊ល​ សោភាន់,ជាម្ចាស់ដេប៉ូប្រេងឥន្ទនៈ,085220255,ឧបករណ៍មាត្រាសាស្ត្រ,ឧបករណ៍បូមប្រេង,ET.N367,45,2024,45L/min,±0.5%,CMRC20261456,46211.38296,1456.មមជ.2026,2024-05-14,COMPLETED,iaP0rn43TAiRg459uMJfOPNBo6Y2UPKU
241,3,        ដេប៉ូប្រេងឥន្ធនៈ  ហ៊ល​ សោភាន់,        ភូមិអូរតាពូង   ឃុំរកាកោះ   ស្រុកគងពិសី   ខេត្តកំពង់ស្ពឺ,កំពង់ស្ពឺ,លោកស្រី.​ ហ៊ល​ សោភាន់,ជាម្ចាស់ដេប៉ូប្រេងឥន្ទនៈ,085220255,ទំនិញវេចខ្ចប់,NA,NA,38,2026,NA,,CMRC20261456,46211.38296,1456.មមជ.2026,2024-05-14,COMPLETED,iaP0rn43TAiRg459uMJfOPNBo6Y2UPKU
251,1,           ដេប៉ូប្រេងឥន្ធនៈ ចាន់ សុភ័ក្រ,        ភូមិសាគ្រាមត្បូង   ឃុំសាគ្រាម   ស្រុកប្រាសាទបល្ល័ង្គ   ខេត្តកំពង់ធំ,កំពង់ធំ,លោក ចាន់ សុភ័ក្រ,ម្ចាស់ដេប៉ូប្រេងឥន្ធនៈ,098994757,ឧបករណ៍មាត្រាសាស្ត្រ,ម៉ាស៊ីនបូមប្រេងឥន្ធនៈ,TATSUNO,45,2018,4L-40L/1min,±0.5%,CMRC20261455,46212.01619,1455.មមជ.2026,2019-08-02,COMPLETED,aKCNCCA4J0mZip6pgXDJh22zsrDU3BFO
251,2,           ដេប៉ូប្រេងឥន្ធនៈ ចាន់ សុភ័ក្រ,        ភូមិសាគ្រាមត្បូង   ឃុំសាគ្រាម   ស្រុកប្រាសាទបល្ល័ង្គ   ខេត្តកំពង់ធំ,កំពង់ធំ,លោក ចាន់ សុភ័ក្រ,ម្ចាស់ដេប៉ូប្រេងឥន្ធនៈ,098994757,ឧបករណ៍មាត្រាសាស្ត្រ,ម៉ាស៊ីនបូមប្រេងឥន្ធនៈ,TATSUNO,45,2018,4L-40L/1min,±0.5%,CMRC20261455,46212.01619,1455.មមជ.2026,2019-08-02,COMPLETED,aKCNCCA4J0mZip6pgXDJh22zsrDU3BFO
251,3,           ដេប៉ូប្រេងឥន្ធនៈ ចាន់ សុភ័ក្រ,        ភូមិសាគ្រាមត្បូង   ឃុំសាគ្រាម   ស្រុកប្រាសាទបល្ល័ង្គ   ខេត្តកំពង់ធំ,កំពង់ធំ,លោក ចាន់ សុភ័ក្រ,ម្ចាស់ដេប៉ូប្រេងឥន្ធនៈ,098994757,ទំនិញវេចខ្ចប់,N/A,N/A,45,2018,N/A,,CMRC20261455,46212.01619,1455.មមជ.2026,2019-08-02,COMPLETED,aKCNCCA4J0mZip6pgXDJh22zsrDU3BFO
261,1,    សាន ហ្វេង (ខេមបូឌា) ខមភេនី លីមីធីត,        ផ្លូវជាតិលេខ១  ភូមិតាពៅ  សង្កាត់បាវិត  ក្រុងបាវិត  ខេត្តស្វាយរៀង,ស្វាយរៀង,CHUANG HSI CHIN,អភិបាលក្រុមហ៊ុន,0967157166,ឧបករណ៍មាត្រាសាស្ត្រ,Caliper,MITUTOYO,112,2018,0.01mm-150mm,+-0.01mm,CMRC20261469,46212.19539,1469.មមជ.2026,2024-04-30,COMPLETED,bPrBU0kpwbDxBxNZhJsQxn0k89Dbucz2
261,2,    សាន ហ្វេង (ខេមបូឌា) ខមភេនី លីមីធីត,        ផ្លូវជាតិលេខ១  ភូមិតាពៅ  សង្កាត់បាវិត  ក្រុងបាវិត  ខេត្តស្វាយរៀង,ស្វាយរៀង,CHUANG HSI CHIN,អភិបាលក្រុមហ៊ុន,0967157166,ឧបករណ៍មាត្រាសាស្ត្រ,Caliper,MITUTOYO,112,2018,0.01mm-200mm,+-0.02mm,CMRC20261469,46212.19539,1469.មមជ.2026,2024-04-30,COMPLETED,bPrBU0kpwbDxBxNZhJsQxn0k89Dbucz2
261,3,    សាន ហ្វេង (ខេមបូឌា) ខមភេនី លីមីធីត,        ផ្លូវជាតិលេខ១  ភូមិតាពៅ  សង្កាត់បាវិត  ក្រុងបាវិត  ខេត្តស្វាយរៀង,ស្វាយរៀង,CHUANG HSI CHIN,អភិបាលក្រុមហ៊ុន,0967157166,ឧបករណ៍មាត្រាសាស្ត្រ,Caliper,MITUTOYO,112,2018,0.01mm-300mm,+-0.02mm,CMRC20261469,46212.19539,1469.មមជ.2026,2024-04-30,COMPLETED,bPrBU0kpwbDxBxNZhJsQxn0k89Dbucz2
261,4,    សាន ហ្វេង (ខេមបូឌា) ខមភេនី លីមីធីត,        ផ្លូវជាតិលេខ១  ភូមិតាពៅ  សង្កាត់បាវិត  ក្រុងបាវិត  ខេត្តស្វាយរៀង,ស្វាយរៀង,CHUANG HSI CHIN,អភិបាលក្រុមហ៊ុន,0967157166,ឧបករណ៍មាត្រាសាស្ត្រ,Electronic Scale,EXCELL,45,2016,0.2kg-100kg,+-0.01kg,CMRC20261469,46212.19539,1469.មមជ.2026,2024-04-30,COMPLETED,bPrBU0kpwbDxBxNZhJsQxn0k89Dbucz2
261,5,    សាន ហ្វេង (ខេមបូឌា) ខមភេនី លីមីធីត,        ផ្លូវជាតិលេខ១  ភូមិតាពៅ  សង្កាត់បាវិត  ក្រុងបាវិត  ខេត្តស្វាយរៀង,ស្វាយរៀង,CHUANG HSI CHIN,អភិបាលក្រុមហ៊ុន,0967157166,ឧបករណ៍មាត្រាសាស្ត្រ,Electronic Scale,EXCELL,45,2016,2kg-150kg,+-0.1kg,CMRC20261469,46212.19539,1469.មមជ.2026,2024-04-30,COMPLETED,bPrBU0kpwbDxBxNZhJsQxn0k89Dbucz2
261,6,    សាន ហ្វេង (ខេមបូឌា) ខមភេនី លីមីធីត,        ផ្លូវជាតិលេខ១  ភូមិតាពៅ  សង្កាត់បាវិត  ក្រុងបាវិត  ខេត្តស្វាយរៀង,ស្វាយរៀង,CHUANG HSI CHIN,អភិបាលក្រុមហ៊ុន,0967157166,ឧបករណ៍មាត្រាសាស្ត្រ,Electronic Scale,EXCELL,45,2016,2kg-200kg,+-50g,CMRC20261469,46212.19539,1469.មមជ.2026,2024-04-30,COMPLETED,bPrBU0kpwbDxBxNZhJsQxn0k89Dbucz2
261,7,    សាន ហ្វេង (ខេមបូឌា) ខមភេនី លីមីធីត,        ផ្លូវជាតិលេខ១  ភូមិតាពៅ  សង្កាត់បាវិត  ក្រុងបាវិត  ខេត្តស្វាយរៀង,ស្វាយរៀង,CHUANG HSI CHIN,អភិបាលក្រុមហ៊ុន,0967157166,ឧបករណ៍មាត្រាសាស្ត្រ,Electronic Scale,EXCELL,45,2016,100g-20kg,+-10g,CMRC20261469,46212.19539,1469.មមជ.2026,2024-04-30,COMPLETED,bPrBU0kpwbDxBxNZhJsQxn0k89Dbucz2
261,8,    សាន ហ្វេង (ខេមបូឌា) ខមភេនី លីមីធីត,        ផ្លូវជាតិលេខ១  ភូមិតាពៅ  សង្កាត់បាវិត  ក្រុងបាវិត  ខេត្តស្វាយរៀង,ស្វាយរៀង,CHUANG HSI CHIN,អភិបាលក្រុមហ៊ុន,0967157166,ឧបករណ៍មាត្រាសាស្ត្រ,Electronic Scale,EXCELL,45,2016,200g-30kg,+-10g,CMRC20261469,46212.19539,1469.មមជ.2026,2024-04-30,COMPLETED,bPrBU0kpwbDxBxNZhJsQxn0k89Dbucz2
261,9,    សាន ហ្វេង (ខេមបូឌា) ខមភេនី លីមីធីត,        ផ្លូវជាតិលេខ១  ភូមិតាពៅ  សង្កាត់បាវិត  ក្រុងបាវិត  ខេត្តស្វាយរៀង,ស្វាយរៀង,CHUANG HSI CHIN,អភិបាលក្រុមហ៊ុន,0967157166,ឧបករណ៍មាត្រាសាស្ត្រ,Electronic Scale,HENGXING,45,2019,0.3g-3kg,+-0.1g,CMRC20261469,46212.19539,1469.មមជ.2026,2024-04-30,COMPLETED,bPrBU0kpwbDxBxNZhJsQxn0k89Dbucz2
261,10,    សាន ហ្វេង (ខេមបូឌា) ខមភេនី លីមីធីត,        ផ្លូវជាតិលេខ១  ភូមិតាពៅ  សង្កាត់បាវិត  ក្រុងបាវិត  ខេត្តស្វាយរៀង,ស្វាយរៀង,CHUANG HSI CHIN,អភិបាលក្រុមហ៊ុន,0967157166,ឧបករណ៍មាត្រាសាស្ត្រ,Electronic Scale,HENGXING,45,2019,2g-6kg,+-1g,CMRC20261469,46212.19539,1469.មមជ.2026,2024-04-30,COMPLETED,bPrBU0kpwbDxBxNZhJsQxn0k89Dbucz2
261,11,    សាន ហ្វេង (ខេមបូឌា) ខមភេនី លីមីធីត,        ផ្លូវជាតិលេខ១  ភូមិតាពៅ  សង្កាត់បាវិត  ក្រុងបាវិត  ខេត្តស្វាយរៀង,ស្វាយរៀង,CHUANG HSI CHIN,អភិបាលក្រុមហ៊ុន,0967157166,ឧបករណ៍មាត្រាសាស្ត្រ,Electronic Scale,HENGXING,45,2019,3g-5kg,+-1g,CMRC20261469,46212.19539,1469.មមជ.2026,2024-04-30,COMPLETED,bPrBU0kpwbDxBxNZhJsQxn0k89Dbucz2
261,12,    សាន ហ្វេង (ខេមបូឌា) ខមភេនី លីមីធីត,        ផ្លូវជាតិលេខ១  ភូមិតាពៅ  សង្កាត់បាវិត  ក្រុងបាវិត  ខេត្តស្វាយរៀង,ស្វាយរៀង,CHUANG HSI CHIN,អភិបាលក្រុមហ៊ុន,0967157166,ឧបករណ៍មាត្រាសាស្ត្រ,Electronic Scale,HENGXING,45,2019,0.05g-500g,+-0.01g,CMRC20261469,46212.19539,1469.មមជ.2026,2024-04-30,COMPLETED,bPrBU0kpwbDxBxNZhJsQxn0k89Dbucz2
261,13,    សាន ហ្វេង (ខេមបូឌា) ខមភេនី លីមីធីត,        ផ្លូវជាតិលេខ១  ភូមិតាពៅ  សង្កាត់បាវិត  ក្រុងបាវិត  ខេត្តស្វាយរៀង,ស្វាយរៀង,CHUANG HSI CHIN,អភិបាលក្រុមហ៊ុន,0967157166,ឧបករណ៍មាត្រាសាស្ត្រ,Electronic Scale,HENGXING,45,2019,10kg-3T,+-500g,CMRC20261469,46212.19539,1469.មមជ.2026,2024-04-30,COMPLETED,bPrBU0kpwbDxBxNZhJsQxn0k89Dbucz2
261,14,    សាន ហ្វេង (ខេមបូឌា) ខមភេនី លីមីធីត,        ផ្លូវជាតិលេខ១  ភូមិតាពៅ  សង្កាត់បាវិត  ក្រុងបាវិត  ខេត្តស្វាយរៀង,ស្វាយរៀង,CHUANG HSI CHIN,អភិបាលក្រុមហ៊ុន,0967157166,ឧបករណ៍មាត្រាសាស្ត្រ,Weight bridge ,N/A,45,2020,400kg-80T,+-20kg,CMRC20261469,46212.19539,1469.មមជ.2026,2024-04-30,COMPLETED,bPrBU0kpwbDxBxNZhJsQxn0k89Dbucz2
261,15,    សាន ហ្វេង (ខេមបូឌា) ខមភេនី លីមីធីត,        ផ្លូវជាតិលេខ១  ភូមិតាពៅ  សង្កាត់បាវិត  ក្រុងបាវិត  ខេត្តស្វាយរៀង,ស្វាយរៀង,CHUANG HSI CHIN,អភិបាលក្រុមហ៊ុន,0967157166,ទំនិញវេចខ្ចប់,N/A,N/A,45,2016,N/A,,CMRC20261469,46212.19539,1469.មមជ.2026,2024-04-30,COMPLETED,bPrBU0kpwbDxBxNZhJsQxn0k89Dbucz2
271,1,ខេមបូឌា បេវេរេដ ខមប៉ានី លីមីធីត,ផ្លូវជាតិលេខ៤ ភូមិបឹងធំទី១ សង្កាត់បឹងធំ ខណ្ឌកំបូល រាជធានីភ្នំពេញ,ភ្នំពេញ,Yi Jin,ប្រធានក្រុមប្រឹក្សាភិបាល,098463125,ឧបករណ៍មាត្រាសាស្ត្រ,Density Meter,DMA 5000 M,13,42,N/A,N/A,រង់ចាំការអនុម័ត,46213.11998,42,2023-09-11,SUBMITTED,
271,2,ខេមបូឌា បេវេរេដ ខមប៉ានី លីមីធីត,ផ្លូវជាតិលេខ៤ ភូមិបឹងធំទី១ សង្កាត់បឹងធំ ខណ្ឌកំបូល រាជធានីភ្នំពេញ,ភ្នំពេញ,Yi Jin,ប្រធានក្រុមប្រឹក្សាភិបាល,098463125,ឧបករណ៍មាត្រាសាស្ត្រ,Density and Sound Velocity Meter,Soft Drink Analyzer M,13,42,N/A,N/A,រង់ចាំការអនុម័ត,46213.11998,42,2023-09-11,SUBMITTED,
271,3,ខេមបូឌា បេវេរេដ ខមប៉ានី លីមីធីត,ផ្លូវជាតិលេខ៤ ភូមិបឹងធំទី១ សង្កាត់បឹងធំ ខណ្ឌកំបូល រាជធានីភ្នំពេញ,ភ្នំពេញ,Yi Jin,ប្រធានក្រុមប្រឹក្សាភិបាល,098463125,ឧបករណ៍មាត្រាសាស្ត្រ,PBA-SI ,DSA 5000 M+ CarboQC ME with Option O2,13,42,N/A,N/A,រង់ចាំការអនុម័ត,46213.11998,42,2023-09-11,SUBMITTED,
271,4,ខេមបូឌា បេវេរេដ ខមប៉ានី លីមីធីត,ផ្លូវជាតិលេខ៤ ភូមិបឹងធំទី១ សង្កាត់បឹងធំ ខណ្ឌកំបូល រាជធានីភ្នំពេញ,ភ្នំពេញ,Yi Jin,ប្រធានក្រុមប្រឹក្សាភិបាល,098463125,ឧបករណ៍មាត្រាសាស្ត្រ,Deadweight Pressure Gages,PD 12,112,42,N/A,N/A,រង់ចាំការអនុម័ត,46213.11998,42,2023-09-11,SUBMITTED,
271,5,ខេមបូឌា បេវេរេដ ខមប៉ានី លីមីធីត,ផ្លូវជាតិលេខ៤ ភូមិបឹងធំទី១ សង្កាត់បឹងធំ ខណ្ឌកំបូល រាជធានីភ្នំពេញ,ភ្នំពេញ,Yi Jin,ប្រធានក្រុមប្រឹក្សាភិបាល,098463125,ឧបករណ៍មាត្រាសាស្ត្រ,SET OF WEIGHTS (HAFNER),Class F1,83,42,N/A,N/A,រង់ចាំការអនុម័ត,46213.11998,42,2023-09-11,SUBMITTED,
271,6,ខេមបូឌា បេវេរេដ ខមប៉ានី លីមីធីត,ផ្លូវជាតិលេខ៤ ភូមិបឹងធំទី១ សង្កាត់បឹងធំ ខណ្ឌកំបូល រាជធានីភ្នំពេញ,ភ្នំពេញ,Yi Jin,ប្រធានក្រុមប្រឹក្សាភិបាល,098463125,ឧបករណ៍មាត្រាសាស្ត្រ,Weight (HAFNER),Adjust Cavity,42,42,N/A,N/A,រង់ចាំការអនុម័ត,46213.11998,42,2023-09-11,SUBMITTED,
271,7,ខេមបូឌា បេវេរេដ ខមប៉ានី លីមីធីត,ផ្លូវជាតិលេខ៤ ភូមិបឹងធំទី១ សង្កាត់បឹងធំ ខណ្ឌកំបូល រាជធានីភ្នំពេញ,ភ្នំពេញ,Yi Jin,ប្រធានក្រុមប្រឹក្សាភិបាល,098463125,ឧបករណ៍មាត្រាសាស្ត្រ,Digimatic Caliper (1)  (Mitutoyo),"CD-8""CX",112,42,N/A,N/A,រង់ចាំការអនុម័ត,46213.11998,42,2023-09-11,SUBMITTED,
271,8,ខេមបូឌា បេវេរេដ ខមប៉ានី លីមីធីត,ផ្លូវជាតិលេខ៤ ភូមិបឹងធំទី១ សង្កាត់បឹងធំ ខណ្ឌកំបូល រាជធានីភ្នំពេញ,ភ្នំពេញ,Yi Jin,ប្រធានក្រុមប្រឹក្សាភិបាល,098463125,ឧបករណ៍មាត្រាសាស្ត្រ,Digimatic Caliper (2)  (Mitutoyo),NA,112,42,N/A,N/A,រង់ចាំការអនុម័ត,46213.11998,42,2023-09-11,SUBMITTED,
271,9,ខេមបូឌា បេវេរេដ ខមប៉ានី លីមីធីត,ផ្លូវជាតិលេខ៤ ភូមិបឹងធំទី១ សង្កាត់បឹងធំ ខណ្ឌកំបូល រាជធានីភ្នំពេញ,ភ្នំពេញ,Yi Jin,ប្រធានក្រុមប្រឹក្សាភិបាល,098463125,ឧបករណ៍មាត្រាសាស្ត្រ,Temperature Control Chamber (SAYYO-JAPAN),MIR-262,112,42,N/A,N/A,រង់ចាំការអនុម័ត,46213.11998,42,2023-09-11,SUBMITTED,
271,10,ខេមបូឌា បេវេរេដ ខមប៉ានី លីមីធីត,ផ្លូវជាតិលេខ៤ ភូមិបឹងធំទី១ សង្កាត់បឹងធំ ខណ្ឌកំបូល រាជធានីភ្នំពេញ,ភ្នំពេញ,Yi Jin,ប្រធានក្រុមប្រឹក្សាភិបាល,098463125,ឧបករណ៍មាត្រាសាស្ត្រ,Temperature Control Chamber (MMM-Group),INCUCELL 55,83,42,N/A,N/A,រង់ចាំការអនុម័ត,46213.11998,42,2023-09-11,SUBMITTED,
271,11,ខេមបូឌា បេវេរេដ ខមប៉ានី លីមីធីត,ផ្លូវជាតិលេខ៤ ភូមិបឹងធំទី១ សង្កាត់បឹងធំ ខណ្ឌកំបូល រាជធានីភ្នំពេញ,ភ្នំពេញ,Yi Jin,ប្រធានក្រុមប្រឹក្សាភិបាល,098463125,ឧបករណ៍មាត្រាសាស្ត្រ,Temperature Control Chamber (MEMMERT),UNB 400,83,42,N/A,N/A,រង់ចាំការអនុម័ត,46213.11998,42,2023-09-11,SUBMITTED,
271,12,ខេមបូឌា បេវេរេដ ខមប៉ានី លីមីធីត,ផ្លូវជាតិលេខ៤ ភូមិបឹងធំទី១ សង្កាត់បឹងធំ ខណ្ឌកំបូល រាជធានីភ្នំពេញ,ភ្នំពេញ,Yi Jin,ប្រធានក្រុមប្រឹក្សាភិបាល,098463125,ឧបករណ៍មាត្រាសាស្ត្រ,Temperature Control Chamber (MEMMERT),UNB 400,83,42,N/A,N/A,រង់ចាំការអនុម័ត,46213.11998,42,2023-09-11,SUBMITTED,
271,13,ខេមបូឌា បេវេរេដ ខមប៉ានី លីមីធីត,ផ្លូវជាតិលេខ៤ ភូមិបឹងធំទី១ សង្កាត់បឹងធំ ខណ្ឌកំបូល រាជធានីភ្នំពេញ,ភ្នំពេញ,Yi Jin,ប្រធានក្រុមប្រឹក្សាភិបាល,098463125,ឧបករណ៍មាត្រាសាស្ត្រ,Temperature Control Chamber (MEMMERT),UN 110,83,42,N/A,N/A,រង់ចាំការអនុម័ត,46213.11998,42,2023-09-11,SUBMITTED,
271,14,ខេមបូឌា បេវេរេដ ខមប៉ានី លីមីធីត,ផ្លូវជាតិលេខ៤ ភូមិបឹងធំទី១ សង្កាត់បឹងធំ ខណ្ឌកំបូល រាជធានីភ្នំពេញ,ភ្នំពេញ,Yi Jin,ប្រធានក្រុមប្រឹក្សាភិបាល,098463125,ឧបករណ៍មាត្រាសាស្ត្រ,Temperature Control Chamber (MEMMERT),IPP260ecoplus,83,42,N/A,N/A,រង់ចាំការអនុម័ត,46213.11998,42,2023-09-11,SUBMITTED,
271,15,ខេមបូឌា បេវេរេដ ខមប៉ានី លីមីធីត,ផ្លូវជាតិលេខ៤ ភូមិបឹងធំទី១ សង្កាត់បឹងធំ ខណ្ឌកំបូល រាជធានីភ្នំពេញ,ភ្នំពេញ,Yi Jin,ប្រធានក្រុមប្រឹក្សាភិបាល,098463125,ឧបករណ៍មាត្រាសាស្ត្រ,Countersing Gauge Block,Mitutoyo,112,42,N/A,N/A,រង់ចាំការអនុម័ត,46213.11998,42,2023-09-11,SUBMITTED,
271,16,ខេមបូឌា បេវេរេដ ខមប៉ានី លីមីធីត,ផ្លូវជាតិលេខ៤ ភូមិបឹងធំទី១ សង្កាត់បឹងធំ ខណ្ឌកំបូល រាជធានីភ្នំពេញ,ភ្នំពេញ,Yi Jin,ប្រធានក្រុមប្រឹក្សាភិបាល,098463125,ឧបករណ៍មាត្រាសាស្ត្រ,DIMENSION GAGE (WACO),97500-10,236,42,N/A,N/A,រង់ចាំការអនុម័ត,46213.11998,42,2023-09-11,SUBMITTED,
271,17,ខេមបូឌា បេវេរេដ ខមប៉ានី លីមីធីត,ផ្លូវជាតិលេខ៤ ភូមិបឹងធំទី១ សង្កាត់បឹងធំ ខណ្ឌកំបូល រាជធានីភ្នំពេញ,ភ្នំពេញ,Yi Jin,ប្រធានក្រុមប្រឹក្សាភិបាល,098463125,ឧបករណ៍មាត្រាសាស្ត្រ,Digital Pressure Gauge,LEO1,215,42,N/A,N/A,រង់ចាំការអនុម័ត,46213.11998,42,2023-09-11,SUBMITTED,
271,18,ខេមបូឌា បេវេរេដ ខមប៉ានី លីមីធីត,ផ្លូវជាតិលេខ៤ ភូមិបឹងធំទី១ សង្កាត់បឹងធំ ខណ្ឌកំបូល រាជធានីភ្នំពេញ,ភ្នំពេញ,Yi Jin,ប្រធានក្រុមប្រឹក្សាភិបាល,098463125,ឧបករណ៍មាត្រាសាស្ត្រ,Temperature Dry Well Calibrator,CTD9100-165,83,42,N/A,N/A,រង់ចាំការអនុម័ត,46213.11998,42,2023-09-11,SUBMITTED,
271,19,ខេមបូឌា បេវេរេដ ខមប៉ានី លីមីធីត,ផ្លូវជាតិលេខ៤ ភូមិបឹងធំទី១ សង្កាត់បឹងធំ ខណ្ឌកំបូល រាជធានីភ្នំពេញ,ភ្នំពេញ,Yi Jin,ប្រធានក្រុមប្រឹក្សាភិបាល,098463125,ឧបករណ៍មាត្រាសាស្ត្រ,Spectrophotometer,Genesys 10 UV,236,42,N/A,N/A,រង់ចាំការអនុម័ត,46213.11998,42,2023-09-11,SUBMITTED,
271,20,ខេមបូឌា បេវេរេដ ខមប៉ានី លីមីធីត,ផ្លូវជាតិលេខ៤ ភូមិបឹងធំទី១ សង្កាត់បឹងធំ ខណ្ឌកំបូល រាជធានីភ្នំពេញ,ភ្នំពេញ,Yi Jin,ប្រធានក្រុមប្រឹក្សាភិបាល,098463125,ឧបករណ៍មាត្រាសាស្ត្រ,Conductivity 912,Metromh,215,42,N/A,N/A,រង់ចាំការអនុម័ត,46213.11998,42,2023-09-11,SUBMITTED,
271,21,ខេមបូឌា បេវេរេដ ខមប៉ានី លីមីធីត,ផ្លូវជាតិលេខ៤ ភូមិបឹងធំទី១ សង្កាត់បឹងធំ ខណ្ឌកំបូល រាជធានីភ្នំពេញ,ភ្នំពេញ,Yi Jin,ប្រធានក្រុមប្រឹក្សាភិបាល,098463125,ឧបករណ៍មាត្រាសាស្ត្រ,CO2 Volume Tester Can,Zham & Nagel,236,42,N/A,N/A,រង់ចាំការអនុម័ត,46213.11998,42,2023-09-11,SUBMITTED,
271,22,ខេមបូឌា បេវេរេដ ខមប៉ានី លីមីធីត,ផ្លូវជាតិលេខ៤ ភូមិបឹងធំទី១ សង្កាត់បឹងធំ ខណ្ឌកំបូល រាជធានីភ្នំពេញ,ភ្នំពេញ,Yi Jin,ប្រធានក្រុមប្រឹក្សាភិបាល,098463125,ឧបករណ៍មាត្រាសាស្ត្រ,CO2 Volume Tester PET,Zham & Nagel,236,42,N/A,N/A,រង់ចាំការអនុម័ត,46213.11998,42,2023-09-11,SUBMITTED,
271,23,ខេមបូឌា បេវេរេដ ខមប៉ានី លីមីធីត,ផ្លូវជាតិលេខ៤ ភូមិបឹងធំទី១ សង្កាត់បឹងធំ ខណ្ឌកំបូល រាជធានីភ្នំពេញ,ភ្នំពេញ,Yi Jin,ប្រធានក្រុមប្រឹក្សាភិបាល,098463125,ឧបករណ៍មាត្រាសាស្ត្រ,pH 827 WTP,827 pH Lab,215,42,N/A,N/A,រង់ចាំការអនុម័ត,46213.11998,42,2023-09-11,SUBMITTED,
271,24,ខេមបូឌា បេវេរេដ ខមប៉ានី លីមីធីត,ផ្លូវជាតិលេខ៤ ភូមិបឹងធំទី១ សង្កាត់បឹងធំ ខណ្ឌកំបូល រាជធានីភ្នំពេញ,ភ្នំពេញ,Yi Jin,ប្រធានក្រុមប្រឹក្សាភិបាល,098463125,ឧបករណ៍មាត្រាសាស្ត្រ,pH 827 QC,827 pH Lab,215,42,N/A,N/A,រង់ចាំការអនុម័ត,46213.11998,42,2023-09-11,SUBMITTED,
271,25,ខេមបូឌា បេវេរេដ ខមប៉ានី លីមីធីត,ផ្លូវជាតិលេខ៤ ភូមិបឹងធំទី១ សង្កាត់បឹងធំ ខណ្ឌកំបូល រាជធានីភ្នំពេញ,ភ្នំពេញ,Yi Jin,ប្រធានក្រុមប្រឹក្សាភិបាល,098463125,ឧបករណ៍មាត្រាសាស្ត្រ,TDS meter WTP,SD 320 Con,83,42,N/A,N/A,រង់ចាំការអនុម័ត,46213.11998,42,2023-09-11,SUBMITTED,
271,26,ខេមបូឌា បេវេរេដ ខមប៉ានី លីមីធីត,ផ្លូវជាតិលេខ៤ ភូមិបឹងធំទី១ សង្កាត់បឹងធំ ខណ្ឌកំបូល រាជធានីភ្នំពេញ,ភ្នំពេញ,Yi Jin,ប្រធានក្រុមប្រឹក្សាភិបាល,098463125,ឧបករណ៍មាត្រាសាស្ត្រ,Turbidity Meter,HI 98703,110,42,N/A,N/A,រង់ចាំការអនុម័ត,46213.11998,42,2023-09-11,SUBMITTED,
271,27,ខេមបូឌា បេវេរេដ ខមប៉ានី លីមីធីត,ផ្លូវជាតិលេខ៤ ភូមិបឹងធំទី១ សង្កាត់បឹងធំ ខណ្ឌកំបូល រាជធានីភ្នំពេញ,ភ្នំពេញ,Yi Jin,ប្រធានក្រុមប្រឹក្សាភិបាល,098463125,ឧបករណ៍មាត្រាសាស្ត្រ,Countersink,S112TXB,112,42,N/A,N/A,រង់ចាំការអនុម័ត,46213.11998,42,2023-09-11,SUBMITTED,
271,28,ខេមបូឌា បេវេរេដ ខមប៉ានី លីមីធីត,ផ្លូវជាតិលេខ៤ ភូមិបឹងធំទី១ សង្កាត់បឹងធំ ខណ្ឌកំបូល រាជធានីភ្នំពេញ,ភ្នំពេញ,Yi Jin,ប្រធានក្រុមប្រឹក្សាភិបាល,098463125,ឧបករណ៍មាត្រាសាស្ត្រ,Electronic balance Sartorius,ENTRIS224I-1S,83,42,N/A,N/A,រង់ចាំការអនុម័ត,46213.11998,42,2023-09-11,SUBMITTED,
271,29,ខេមបូឌា បេវេរេដ ខមប៉ានី លីមីធីត,ផ្លូវជាតិលេខ៤ ភូមិបឹងធំទី១ សង្កាត់បឹងធំ ខណ្ឌកំបូល រាជធានីភ្នំពេញ,ភ្នំពេញ,Yi Jin,ប្រធានក្រុមប្រឹក្សាភិបាល,098463125,ឧបករណ៍មាត្រាសាស្ត្រ,Electronic balance Sartorius,E694,83,42,N/A,N/A,រង់ចាំការអនុម័ត,46213.11998,42,2023-09-11,SUBMITTED,
271,30,ខេមបូឌា បេវេរេដ ខមប៉ានី លីមីធីត,ផ្លូវជាតិលេខ៤ ភូមិបឹងធំទី១ សង្កាត់បឹងធំ ខណ្ឌកំបូល រាជធានីភ្នំពេញ,ភ្នំពេញ,Yi Jin,ប្រធានក្រុមប្រឹក្សាភិបាល,098463125,ឧបករណ៍មាត្រាសាស្ត្រ,Electronic balance Mettler Toledo,PB 8001.L,215,42,N/A,N/A,រង់ចាំការអនុម័ត,46213.11998,42,2023-09-11,SUBMITTED,
271,31,ខេមបូឌា បេវេរេដ ខមប៉ានី លីមីធីត,ផ្លូវជាតិលេខ៤ ភូមិបឹងធំទី១ សង្កាត់បឹងធំ ខណ្ឌកំបូល រាជធានីភ្នំពេញ,ភ្នំពេញ,Yi Jin,ប្រធានក្រុមប្រឹក្សាភិបាល,098463125,ឧបករណ៍មាត្រាសាស្ត្រ,Electronic balance Mettler Toledo,IND221,215,42,N/A,N/A,រង់ចាំការអនុម័ត,46213.11998,42,2023-09-11,SUBMITTED,
271,32,ខេមបូឌា បេវេរេដ ខមប៉ានី លីមីធីត,ផ្លូវជាតិលេខ៤ ភូមិបឹងធំទី១ សង្កាត់បឹងធំ ខណ្ឌកំបូល រាជធានីភ្នំពេញ,ភ្នំពេញ,Yi Jin,ប្រធានក្រុមប្រឹក្សាភិបាល,098463125,ឧបករណ៍មាត្រាសាស្ត្រ,Electronic balance Mettler Toledo,ICS429,215,42,N/A,N/A,រង់ចាំការអនុម័ត,46213.11998,42,2023-09-11,SUBMITTED,
271,33,ខេមបូឌា បេវេរេដ ខមប៉ានី លីមីធីត,ផ្លូវជាតិលេខ៤ ភូមិបឹងធំទី១ សង្កាត់បឹងធំ ខណ្ឌកំបូល រាជធានីភ្នំពេញ,ភ្នំពេញ,Yi Jin,ប្រធានក្រុមប្រឹក្សាភិបាល,098463125,ឧបករណ៍មាត្រាសាស្ត្រ,Electronic balance Uni Bloc,TX3202L,215,42,N/A,N/A,រង់ចាំការអនុម័ត,46213.11998,42,2023-09-11,SUBMITTED,
271,34,ខេមបូឌា បេវេរេដ ខមប៉ានី លីមីធីត,ផ្លូវជាតិលេខ៤ ភូមិបឹងធំទី១ សង្កាត់បឹងធំ ខណ្ឌកំបូល រាជធានីភ្នំពេញ,ភ្នំពេញ,Yi Jin,ប្រធានក្រុមប្រឹក្សាភិបាល,098463125,ឧបករណ៍មាត្រាសាស្ត្រ,MultiDirect QC,Lovibon,83,42,N/A,N/A,រង់ចាំការអនុម័ត,46213.11998,42,2023-09-11,SUBMITTED,
271,35,ខេមបូឌា បេវេរេដ ខមប៉ានី លីមីធីត,ផ្លូវជាតិលេខ៤ ភូមិបឹងធំទី១ សង្កាត់បឹងធំ ខណ្ឌកំបូល រាជធានីភ្នំពេញ,ភ្នំពេញ,Yi Jin,ប្រធានក្រុមប្រឹក្សាភិបាល,098463125,ឧបករណ៍មាត្រាសាស្ត្រ,MultiDirect WTP,Lovibon,83,42,N/A,N/A,រង់ចាំការអនុម័ត,46213.11998,42,2023-09-11,SUBMITTED,
271,36,ខេមបូឌា បេវេរេដ ខមប៉ានី លីមីធីត,ផ្លូវជាតិលេខ៤ ភូមិបឹងធំទី១ សង្កាត់បឹងធំ ខណ្ឌកំបូល រាជធានីភ្នំពេញ,ភ្នំពេញ,Yi Jin,ប្រធានក្រុមប្រឹក្សាភិបាល,098463125,ឧបករណ៍មាត្រាសាស្ត្រ,MultiDirectWWTP,Lovibon,83,42,N/A,N/A,រង់ចាំការអនុម័ត,46213.11998,42,2023-09-11,SUBMITTED,
271,37,ខេមបូឌា បេវេរេដ ខមប៉ានី លីមីធីត,ផ្លូវជាតិលេខ៤ ភូមិបឹងធំទី១ សង្កាត់បឹងធំ ខណ្ឌកំបូល រាជធានីភ្នំពេញ,ភ្នំពេញ,Yi Jin,ប្រធានក្រុមប្រឹក្សាភិបាល,098463125,ឧបករណ៍មាត្រាសាស្ត្រ,FINNPIPETTE (4004319),FINNPIPETTE,83,42,N/A,N/A,រង់ចាំការអនុម័ត,46213.11998,42,2023-09-11,SUBMITTED,
271,38,ខេមបូឌា បេវេរេដ ខមប៉ានី លីមីធីត,ផ្លូវជាតិលេខ៤ ភូមិបឹងធំទី១ សង្កាត់បឹងធំ ខណ្ឌកំបូល រាជធានីភ្នំពេញ,ភ្នំពេញ,Yi Jin,ប្រធានក្រុមប្រឹក្សាភិបាល,098463125,ឧបករណ៍មាត្រាសាស្ត្រ,Dispensette S (25F86097),Dispensette S,83,42,N/A,N/A,រង់ចាំការអនុម័ត,46213.11998,42,2023-09-11,SUBMITTED,
271,39,ខេមបូឌា បេវេរេដ ខមប៉ានី លីមីធីត,ផ្លូវជាតិលេខ៤ ភូមិបឹងធំទី១ សង្កាត់បឹងធំ ខណ្ឌកំបូល រាជធានីភ្នំពេញ,ភ្នំពេញ,Yi Jin,ប្រធានក្រុមប្រឹក្សាភិបាល,098463125,ឧបករណ៍មាត្រាសាស្ត្រ,Dispensette III (07L53547),Dispensette III,83,42,N/A,N/A,រង់ចាំការអនុម័ត,46213.11998,42,2023-09-11,SUBMITTED,
271,40,ខេមបូឌា បេវេរេដ ខមប៉ានី លីមីធីត,ផ្លូវជាតិលេខ៤ ភូមិបឹងធំទី១ សង្កាត់បឹងធំ ខណ្ឌកំបូល រាជធានីភ្នំពេញ,ភ្នំពេញ,Yi Jin,ប្រធានក្រុមប្រឹក្សាភិបាល,098463125,ឧបករណ៍មាត្រាសាស្ត្រ,Digimatic Heighguage (Mitutoyo),HSD-H60C,112,42,N/A,N/A,រង់ចាំការអនុម័ត,46213.11998,42,2023-09-11,SUBMITTED,
271,41,ខេមបូឌា បេវេរេដ ខមប៉ានី លីមីធីត,ផ្លូវជាតិលេខ៤ ភូមិបឹងធំទី១ សង្កាត់បឹងធំ ខណ្ឌកំបូល រាជធានីភ្នំពេញ,ភ្នំពេញ,Yi Jin,ប្រធានក្រុមប្រឹក្សាភិបាល,098463125,ឧបករណ៍មាត្រាសាស្ត្រ,Outillage Controle Epaisseur Thickness Preform (Sidel),ID-S1012B,112,42,N/A,N/A,រង់ចាំការអនុម័ត,46213.11998,42,2023-09-11,SUBMITTED,
271,42,ខេមបូឌា បេវេរេដ ខមប៉ានី លីមីធីត,ផ្លូវជាតិលេខ៤ ភូមិបឹងធំទី១ សង្កាត់បឹងធំ ខណ្ឌកំបូល រាជធានីភ្នំពេញ,ភ្នំពេញ,Yi Jin,ប្រធានក្រុមប្រឹក្សាភិបាល,098463125,ឧបករណ៍មាត្រាសាស្ត្រ,Controle de Perpendicularite (Sidel),ID-U1025,112,42,N/A,N/A,រង់ចាំការអនុម័ត,46213.11998,42,2023-09-11,SUBMITTED,
271,43,ខេមបូឌា បេវេរេដ ខមប៉ានី លីមីធីត,ផ្លូវជាតិលេខ៤ ភូមិបឹងធំទី១ សង្កាត់បឹងធំ ខណ្ឌកំបូល រាជធានីភ្នំពេញ,ភ្នំពេញ,Yi Jin,ប្រធានក្រុមប្រឹក្សាភិបាល,098463125,ឧបករណ៍មាត្រាសាស្ត្រ,Base clearance,ID-U1025,112,42,N/A,N/A,រង់ចាំការអនុម័ត,46213.11998,42,2023-09-11,SUBMITTED,
271,44,ខេមបូឌា បេវេរេដ ខមប៉ានី លីមីធីត,ផ្លូវជាតិលេខ៤ ភូមិបឹងធំទី១ សង្កាត់បឹងធំ ខណ្ឌកំបូល រាជធានីភ្នំពេញ,ភ្នំពេញ,Yi Jin,ប្រធានក្រុមប្រឹក្សាភិបាល,098463125,ទំនិញវេចខ្ចប់,AQUARIUS,AQUARIUS,38,2026,330​ml/390ml,,រង់ចាំការអនុម័ត,46213.11998,42,2023-09-11,SUBMITTED,
271,45,ខេមបូឌា បេវេរេដ ខមប៉ានី លីមីធីត,ផ្លូវជាតិលេខ៤ ភូមិបឹងធំទី១ សង្កាត់បឹងធំ ខណ្ឌកំបូល រាជធានីភ្នំពេញ,ភ្នំពេញ,Yi Jin,ប្រធានក្រុមប្រឹក្សាភិបាល,098463125,ទំនិញវេចខ្ចប់,Coca-Cola,Coca-Cola Classic ,38,2026,185ml/250ml/330ml/350ml/380ml/390ml/580ml/600ml/1.5ml/2.25ml,,រង់ចាំការអនុម័ត,46213.11998,42,2023-09-11,SUBMITTED,
271,46,ខេមបូឌា បេវេរេដ ខមប៉ានី លីមីធីត,ផ្លូវជាតិលេខ៤ ភូមិបឹងធំទី១ សង្កាត់បឹងធំ ខណ្ឌកំបូល រាជធានីភ្នំពេញ,ភ្នំពេញ,Yi Jin,ប្រធានក្រុមប្រឹក្សាភិបាល,098463125,ទំនិញវេចខ្ចប់,Coca-Cola,Coca-Cola Light,38,2026,330ml/350ml/480ml/600ml/,,រង់ចាំការអនុម័ត,46213.11998,42,2023-09-11,SUBMITTED,
271,47,ខេមបូឌា បេវេរេដ ខមប៉ានី លីមីធីត,ផ្លូវជាតិលេខ៤ ភូមិបឹងធំទី១ សង្កាត់បឹងធំ ខណ្ឌកំបូល រាជធានីភ្នំពេញ,ភ្នំពេញ,Yi Jin,ប្រធានក្រុមប្រឹក្សាភិបាល,098463125,ទំនិញវេចខ្ចប់,Coca-Cola,Coca-Cola Zero,38,2026,250ml/330ml/350ml/480ml/600ml,,រង់ចាំការអនុម័ត,46213.11998,42,2023-09-11,SUBMITTED,
271,48,ខេមបូឌា បេវេរេដ ខមប៉ានី លីមីធីត,ផ្លូវជាតិលេខ៤ ភូមិបឹងធំទី១ សង្កាត់បឹងធំ ខណ្ឌកំបូល រាជធានីភ្នំពេញ,ភ្នំពេញ,Yi Jin,ប្រធានក្រុមប្រឹក្សាភិបាល,098463125,ទំនិញវេចខ្ចប់,Fanta ,Fanta Banana ,38,2026,250ml/330ml/350ml/600ml/1.5ml/2.25ml,,រង់ចាំការអនុម័ត,46213.11998,42,2023-09-11,SUBMITTED,
271,49,ខេមបូឌា បេវេរេដ ខមប៉ានី លីមីធីត,ផ្លូវជាតិលេខ៤ ភូមិបឹងធំទី១ សង្កាត់បឹងធំ ខណ្ឌកំបូល រាជធានីភ្នំពេញ,ភ្នំពេញ,Yi Jin,ប្រធានក្រុមប្រឹក្សាភិបាល,098463125,ទំនិញវេចខ្ចប់,Fanta,Fanta Fruit Punch,38,2026,330ml/1.5ml/2.25ml,,រង់ចាំការអនុម័ត,46213.11998,42,2023-09-11,SUBMITTED,
271,50,ខេមបូឌា បេវេរេដ ខមប៉ានី លីមីធីត,ផ្លូវជាតិលេខ៤ ភូមិបឹងធំទី១ សង្កាត់បឹងធំ ខណ្ឌកំបូល រាជធានីភ្នំពេញ,ភ្នំពេញ,Yi Jin,ប្រធានក្រុមប្រឹក្សាភិបាល,098463125,ទំនិញវេចខ្ចប់,Fanta ,Fanta Grape,38,2026,185ml/250ml/330ml/350ml/390ml/600ml/1.5ml/2.25ml,,រង់ចាំការអនុម័ត,46213.11998,42,2023-09-11,SUBMITTED,
271,51,ខេមបូឌា បេវេរេដ ខមប៉ានី លីមីធីត,ផ្លូវជាតិលេខ៤ ភូមិបឹងធំទី១ សង្កាត់បឹងធំ ខណ្ឌកំបូល រាជធានីភ្នំពេញ,ភ្នំពេញ,Yi Jin,ប្រធានក្រុមប្រឹក្សាភិបាល,098463125,ទំនិញវេចខ្ចប់,Fanta,Fanta Orange,38,2026,185ml/250ml/330ml/350ml/390ml/600ml/1.5ml/2.25ml,,រង់ចាំការអនុម័ត,46213.11998,42,2023-09-11,SUBMITTED,
271,52,ខេមបូឌា បេវេរេដ ខមប៉ានី លីមីធីត,ផ្លូវជាតិលេខ៤ ភូមិបឹងធំទី១ សង្កាត់បឹងធំ ខណ្ឌកំបូល រាជធានីភ្នំពេញ,ភ្នំពេញ,Yi Jin,ប្រធានក្រុមប្រឹក្សាភិបាល,098463125,ទំនិញវេចខ្ចប់,Fanta ,Fanta Pineapple,38,2026,250ml/330ml/350ml/600ml/1.5ml/2.25ml,,រង់ចាំការអនុម័ត,46213.11998,42,2023-09-11,SUBMITTED,
271,53,ខេមបូឌា បេវេរេដ ខមប៉ានី លីមីធីត,ផ្លូវជាតិលេខ៤ ភូមិបឹងធំទី១ សង្កាត់បឹងធំ ខណ្ឌកំបូល រាជធានីភ្នំពេញ,ភ្នំពេញ,Yi Jin,ប្រធានក្រុមប្រឹក្សាភិបាល,098463125,ទំនិញវេចខ្ចប់,Fanta,Fanta Sarsi,38,2026,185ml/200ml/250ml/330ml/200ml/350ml/390ml/480ml/600ml/1.5ml/2.25ml,,រង់ចាំការអនុម័ត,46213.11998,42,2023-09-11,SUBMITTED,
271,54,ខេមបូឌា បេវេរេដ ខមប៉ានី លីមីធីត,ផ្លូវជាតិលេខ៤ ភូមិបឹងធំទី១ សង្កាត់បឹងធំ ខណ្ឌកំបូល រាជធានីភ្នំពេញ,ភ្នំពេញ,Yi Jin,ប្រធានក្រុមប្រឹក្សាភិបាល,098463125,ទំនិញវេចខ្ចប់,Fanta,Fanta Strawberry,38,2026,185ml/250ml/330ml/200ml/350ml/390ml/600ml/1.5ml,,រង់ចាំការអនុម័ត,46213.11998,42,2023-09-11,SUBMITTED,
271,55,ខេមបូឌា បេវេរេដ ខមប៉ានី លីមីធីត,ផ្លូវជាតិលេខ៤ ភូមិបឹងធំទី១ សង្កាត់បឹងធំ ខណ្ឌកំបូល រាជធានីភ្នំពេញ,ភ្នំពេញ,Yi Jin,ប្រធានក្រុមប្រឹក្សាភិបាល,098463125,ទំនិញវេចខ្ចប់,Fury Energy,Fury Energy,38,2026,250ml,,រង់ចាំការអនុម័ត,46213.11998,42,2023-09-11,SUBMITTED,
271,56,ខេមបូឌា បេវេរេដ ខមប៉ានី លីមីធីត,ផ្លូវជាតិលេខ៤ ភូមិបឹងធំទី១ សង្កាត់បឹងធំ ខណ្ឌកំបូល រាជធានីភ្នំពេញ,ភ្នំពេញ,Yi Jin,ប្រធានក្រុមប្រឹក្សាភិបាល,098463125,ទំនិញវេចខ្ចប់,Fuzetea,Fuzetea Jasmine Honey Tea,38,2025,485ml,,រង់ចាំការអនុម័ត,46213.11998,42,2023-09-11,SUBMITTED,
271,57,ខេមបូឌា បេវេរេដ ខមប៉ានី លីមីធីត,ផ្លូវជាតិលេខ៤ ភូមិបឹងធំទី១ សង្កាត់បឹងធំ ខណ្ឌកំបូល រាជធានីភ្នំពេញ,ភ្នំពេញ,Yi Jin,ប្រធានក្រុមប្រឹក្សាភិបាល,098463125,ទំនិញវេចខ្ចប់,Fuzetea,Fuzetea Lemon Lemongrass tea,38,2026,250ml/330ml/350ml/390ml/450ml/485ml/600ml/1.5ml/2.25ml,,រង់ចាំការអនុម័ត,46213.11998,42,2023-09-11,SUBMITTED,
271,58,ខេមបូឌា បេវេរេដ ខមប៉ានី លីមីធីត,ផ្លូវជាតិលេខ៤ ភូមិបឹងធំទី១ សង្កាត់បឹងធំ ខណ្ឌកំបូល រាជធានីភ្នំពេញ,ភ្នំពេញ,Yi Jin,ប្រធានក្រុមប្រឹក្សាភិបាល,098463125,ទំនិញវេចខ្ចប់,Fuzetea,Fuzetea Winter Melon Monk Fruit Tea,38,2025,250ml/330ml/350ml/390ml/450ml/485ml/600ml/1.5ml/2.25ml,,រង់ចាំការអនុម័ត,46213.11998,42,2023-09-11,SUBMITTED,
271,59,ខេមបូឌា បេវេរេដ ខមប៉ានី លីមីធីត,ផ្លូវជាតិលេខ៤ ភូមិបឹងធំទី១ សង្កាត់បឹងធំ ខណ្ឌកំបូល រាជធានីភ្នំពេញ,ភ្នំពេញ,Yi Jin,ប្រធានក្រុមប្រឹក្សាភិបាល,098463125,ទំនិញវេចខ្ចប់,Predator Energy ,Predator Energy Double Strength Gold Strike,38,2026,250ml/330ml/400ml,,រង់ចាំការអនុម័ត,46213.11998,42,2023-09-11,SUBMITTED,
271,60,ខេមបូឌា បេវេរេដ ខមប៉ានី លីមីធីត,ផ្លូវជាតិលេខ៤ ភូមិបឹងធំទី១ សង្កាត់បឹងធំ ខណ្ឌកំបូល រាជធានីភ្នំពេញ,ភ្នំពេញ,Yi Jin,ប្រធានក្រុមប្រឹក្សាភិបាល,098463125,ទំនិញវេចខ្ចប់,Predator Energy ,Predator Energy Double Strength Red Dawn,38,2025,330ml/400ml,,រង់ចាំការអនុម័ត,46213.11998,42,2023-09-11,SUBMITTED,
271,61,ខេមបូឌា បេវេរេដ ខមប៉ានី លីមីធីត,ផ្លូវជាតិលេខ៤ ភូមិបឹងធំទី១ សង្កាត់បឹងធំ ខណ្ឌកំបូល រាជធានីភ្នំពេញ,ភ្នំពេញ,Yi Jin,ប្រធានក្រុមប្រឹក្សាភិបាល,098463125,ទំនិញវេចខ្ចប់,Samurai,Samurai Fruity,38,2026,250ml/330ml/350ml/480ml/600ml/1.5ml/2.25ml,,រង់ចាំការអនុម័ត,46213.11998,42,2023-09-11,SUBMITTED,
271,62,ខេមបូឌា បេវេរេដ ខមប៉ានី លីមីធីត,ផ្លូវជាតិលេខ៤ ភូមិបឹងធំទី១ សង្កាត់បឹងធំ ខណ្ឌកំបូល រាជធានីភ្នំពេញ,ភ្នំពេញ,Yi Jin,ប្រធានក្រុមប្រឹក្សាភិបាល,098463125,ទំនិញវេចខ្ចប់,Samurai,Samurai Strawberry,38,2026,250ml/330ml/350ml/480ml/600ml/1.5ml/2.25ml,,រង់ចាំការអនុម័ត,46213.11998,42,2023-09-11,SUBMITTED,
271,63,ខេមបូឌា បេវេរេដ ខមប៉ានី លីមីធីត,ផ្លូវជាតិលេខ៤ ភូមិបឹងធំទី១ សង្កាត់បឹងធំ ខណ្ឌកំបូល រាជធានីភ្នំពេញ,ភ្នំពេញ,Yi Jin,ប្រធានក្រុមប្រឹក្សាភិបាល,098463125,ទំនិញវេចខ្ចប់,Schweppes,Schweppes Dry Ginger Ale,38,2026,250ml/330ml/350ml/390ml/600ml,,រង់ចាំការអនុម័ត,46213.11998,42,2023-09-11,SUBMITTED,
271,64,ខេមបូឌា បេវេរេដ ខមប៉ានី លីមីធីត,ផ្លូវជាតិលេខ៤ ភូមិបឹងធំទី១ សង្កាត់បឹងធំ ខណ្ឌកំបូល រាជធានីភ្នំពេញ,ភ្នំពេញ,Yi Jin,ប្រធានក្រុមប្រឹក្សាភិបាល,098463125,ទំនិញវេចខ្ចប់,Schweppes,Schweppes,38,2026,330ml,,រង់ចាំការអនុម័ត,46213.11998,42,2023-09-11,SUBMITTED,
271,65,ខេមបូឌា បេវេរេដ ខមប៉ានី លីមីធីត,ផ្លូវជាតិលេខ៤ ភូមិបឹងធំទី១ សង្កាត់បឹងធំ ខណ្ឌកំបូល រាជធានីភ្នំពេញ,ភ្នំពេញ,Yi Jin,ប្រធានក្រុមប្រឹក្សាភិបាល,098463125,ទំនិញវេចខ្ចប់,Schweppes,Schweppes,38,2026,250ml/330ml/350ml/390ml/600ml,,រង់ចាំការអនុម័ត,46213.11998,42,2023-09-11,SUBMITTED,
271,66,ខេមបូឌា បេវេរេដ ខមប៉ានី លីមីធីត,ផ្លូវជាតិលេខ៤ ភូមិបឹងធំទី១ សង្កាត់បឹងធំ ខណ្ឌកំបូល រាជធានីភ្នំពេញ,ភ្នំពេញ,Yi Jin,ប្រធានក្រុមប្រឹក្សាភិបាល,098463125,ទំនិញវេចខ្ចប់,Schweppes,Schweppes,38,2026,250ml/330ml/350ml/390ml/600ml,,រង់ចាំការអនុម័ត,46213.11998,42,2023-09-11,SUBMITTED,
271,67,ខេមបូឌា បេវេរេដ ខមប៉ានី លីមីធីត,ផ្លូវជាតិលេខ៤ ភូមិបឹងធំទី១ សង្កាត់បឹងធំ ខណ្ឌកំបូល រាជធានីភ្នំពេញ,ភ្នំពេញ,Yi Jin,ប្រធានក្រុមប្រឹក្សាភិបាល,098463125,ទំនិញវេចខ្ចប់,Sprite,Sprite,38,2026,185ml/250ml/330ml/350ml/390ml/600ml/1.5ml/2.25ml,,រង់ចាំការអនុម័ត,46213.11998,42,2023-09-11,SUBMITTED,
271,68,ខេមបូឌា បេវេរេដ ខមប៉ានី លីមីធីត,ផ្លូវជាតិលេខ៤ ភូមិបឹងធំទី១ សង្កាត់បឹងធំ ខណ្ឌកំបូល រាជធានីភ្នំពេញ,ភ្នំពេញ,Yi Jin,ប្រធានក្រុមប្រឹក្សាភិបាល,098463125,ទំនិញវេចខ្ចប់,Thums Up Charged,Thums Up Charged Berry Bolt,38,2026,185ml/250ml/330ml/350ml/390ml/600ml/1.5ml/,,រង់ចាំការអនុម័ត,46213.11998,42,2023-09-11,SUBMITTED,
271,69,ខេមបូឌា បេវេរេដ ខមប៉ានី លីមីធីត,ផ្លូវជាតិលេខ៤ ភូមិបឹងធំទី១ សង្កាត់បឹងធំ ខណ្ឌកំបូល រាជធានីភ្នំពេញ,ភ្នំពេញ,Yi Jin,ប្រធានក្រុមប្រឹក្សាភិបាល,098463125,ទំនិញវេចខ្ចប់,Thums Up Charged,Thums Up Charged Fruity Blast,38,2026,185ml/250ml/330ml/350ml/390ml/600ml/1.5ml/,,រង់ចាំការអនុម័ត,46213.11998,42,2023-09-11,SUBMITTED,
271,70,ខេមបូឌា បេវេរេដ ខមប៉ានី លីមីធីត,ផ្លូវជាតិលេខ៤ ភូមិបឹងធំទី១ សង្កាត់បឹងធំ ខណ្ឌកំបូល រាជធានីភ្នំពេញ,ភ្នំពេញ,Yi Jin,ប្រធានក្រុមប្រឹក្សាភិបាល,098463125,ទំនិញវេចខ្ចប់,Dasani,Dasani,38,2026,350ml/500ml/1500ml,,រង់ចាំការអនុម័ត,46213.11998,42,2023-09-11,SUBMITTED,
281,1,            ស្ថានីយប្រេងឥន្ទនៈ ចែ ផល្លា,              ផ្លូវលេខ១៤៤០  ភូមិអូរសំរ៉ែ  ឃុំក្សេមក្សាន្ដ  ក្រុងឧដុង្គម៉ែជ័យ   ខេត្តកំពង់ស្ពឺ,កំពង់ស្ពឺ,លោក.​ វង វ៉ុន,ម្ចាស់ដេប៉ូប្រេងឥន្ទនៈ,0962398430,ឧបករណ៍មាត្រាសាស្ត្រ,ឧបករណ៍បូមប្រេង,1315901,45,2015,5.45L/min,±1.0%,CMRC20261468,46213.27215,1468.មមជ.2026,2023-03-01,COMPLETED,FF0rZxJTT8SR9RNdxS2MZXUsDTEWv74P
281,2,            ស្ថានីយប្រេងឥន្ទនៈ ចែ ផល្លា,              ផ្លូវលេខ១៤៤០  ភូមិអូរសំរ៉ែ  ឃុំក្សេមក្សាន្ដ  ក្រុងឧដុង្គម៉ែជ័យ   ខេត្តកំពង់ស្ពឺ,កំពង់ស្ពឺ,លោក.​ វង វ៉ុន,ម្ចាស់ដេប៉ូប្រេងឥន្ទនៈ,0962398430,ឧបករណ៍មាត្រាសាស្ត្រ,ឧបករណ៍បូមប្រេង,1315901,45,2015,5.45L/min,±1.0%,CMRC20261468,46213.27215,1468.មមជ.2026,2023-03-01,COMPLETED,FF0rZxJTT8SR9RNdxS2MZXUsDTEWv74P
281,3,            ស្ថានីយប្រេងឥន្ទនៈ ចែ ផល្លា,              ផ្លូវលេខ១៤៤០  ភូមិអូរសំរ៉ែ  ឃុំក្សេមក្សាន្ដ  ក្រុងឧដុង្គម៉ែជ័យ   ខេត្តកំពង់ស្ពឺ,កំពង់ស្ពឺ,លោក.​ វង វ៉ុន,ម្ចាស់ដេប៉ូប្រេងឥន្ទនៈ,0962398430,ទំនិញវេចខ្ចប់,គ្មាន,គ្មាន,38,2026,គ្មាន,,CMRC20261468,46213.27215,1468.មមជ.2026,2023-03-01,COMPLETED,FF0rZxJTT8SR9RNdxS2MZXUsDTEWv74P
291,1,       ដេប៉ូទិញ លក់កសិផល ងួន វណ្ណៈ ៩៥,N/A ភូមិត្រពាំងឫស្សី ឃុំក្រយា ស្រុកសន្ទុក ខេត្តកំពង់ធំ,កំពង់ធំ,លោក ឃុន ឃាង,ម្ចាស់ដេប៉ូប្រេងឥន្ធនៈ,066994757,ឧបករណ៍មាត្រាសាស្ត្រ,ម៉ាស៊ីនបូមប្រេងឥន្ធនៈ,អេស ស្រ៊ី,45,2011,80T,Class III,CMRC20261460,46214.11826,1460.មមជ.2026,2016-04-22,COMPLETED,lVigmfrb7DwFZfUT2IxGWVdL9YJpcfO8
291,2,       ដេប៉ូទិញ លក់កសិផល ងួន វណ្ណៈ ៩៥,N/A ភូមិត្រពាំងឫស្សី ឃុំក្រយា ស្រុកសន្ទុក ខេត្តកំពង់ធំ,កំពង់ធំ,លោក ឃុន ឃាង,ម្ចាស់ដេប៉ូប្រេងឥន្ធនៈ,066994757,ទំនិញវេចខ្ចប់,N/A,N/A,45,2011,N/A,,CMRC20261460,46214.11826,1460.មមជ.2026,2016-04-22,COMPLETED,lVigmfrb7DwFZfUT2IxGWVdL9YJpcfO8
301,1,ដេប៉ូទិញ លក់កសិផល ឈាង សុវណ្ណឈុនអ៊ី,              ភូមិទំអរ  ឃុំទំរីង  ស្រុកសណ្ដាន់  ខេត្តកំពង់ធំ,កំពង់ធំ,លោក ឈាង សុវណ្ណឈុនអ៊ី,ម្ចាស់ដេប៉ូទិញ លក់កសិផល(ជញ្ជីងថ្លឹងរថយន្ត),098994757,ឧបករណ៍មាត្រាសាស្ត្រ,ជញ្ជីងថ្លឹងរថយន្ត,អេស ស្រ៊ី,45,2015,80T,Class III,CMRC20261458,46214.11922,1458.មមជ.2026,2022-05-11,COMPLETED,qodYAAghdVydi26TnXXqiAxemxNN8qc0
301,2,ដេប៉ូទិញ លក់កសិផល ឈាង សុវណ្ណឈុនអ៊ី,              ភូមិទំអរ  ឃុំទំរីង  ស្រុកសណ្ដាន់  ខេត្តកំពង់ធំ,កំពង់ធំ,លោក ឈាង សុវណ្ណឈុនអ៊ី,ម្ចាស់ដេប៉ូទិញ លក់កសិផល(ជញ្ជីងថ្លឹងរថយន្ត),098994757,ទំនិញវេចខ្ចប់,N/A,N/A,45,2015,N/A,,CMRC20261458,46214.11922,1458.មមជ.2026,2022-05-11,COMPLETED,qodYAAghdVydi26TnXXqiAxemxNN8qc0
311,1,           ដេប៉ូទិញ លក់ កសិផល ងួន វណ្ណៈ,       ភូមិត្រពាំងឫស្សី   ឃុំក្រយា   ស្រុកសន្ទុក   ខេត្តកំពង់ធំ,កំពង់ធំ,លោកស្រី ហេង រចនា,ម្ចាស់ដេប៉ូទិញ​ លក់ កសិផល(ជញ្ជីងថ្លឹងរថយន្ត),066994757,ឧបករណ៍មាត្រាសាស្ត្រ,ជញ្ជីងថ្លឹងរថយន្ត,អេស ស្រ៊ី,45,2011,80T,Class III,CMRC20261459,46214.12046,1459.មមជ.2026,2022-11-02,COMPLETED,QtAMH0fFpF5BkFs2nYm8vnV0bv8jqAna
311,2,           ដេប៉ូទិញ លក់ កសិផល ងួន វណ្ណៈ,       ភូមិត្រពាំងឫស្សី   ឃុំក្រយា   ស្រុកសន្ទុក   ខេត្តកំពង់ធំ,កំពង់ធំ,លោកស្រី ហេង រចនា,ម្ចាស់ដេប៉ូទិញ​ លក់ កសិផល(ជញ្ជីងថ្លឹងរថយន្ត),066994757,ទំនិញវេចខ្ចប់,N/A,N/A,45,2011,N/A,,CMRC20261459,46214.12046,1459.មមជ.2026,2022-11-02,COMPLETED,QtAMH0fFpF5BkFs2nYm8vnV0bv8jqAna
321,1,             ដេប៉ូប្រេងឥន្ធនៈ ជុំ សុខកេង,         ភូមិកំពង់ឈើទាល  ឃុំសំបូរណ៍  ស្រុកប្រាសាទសំបូរ  ខេត្តកំពង់ធំ,កំពង់ធំ,លោកស្រី ជុំ សុខកេង,ម្ចាស់ដេប៉ូប្រេងឥន្ធនៈ,098994757,ឧបករណ៍មាត្រាសាស្ត្រ,ម៉ាស៊ីនបូមប្រេងឥន្ធនៈ,TATSUNO,45,2014,4L-40L/1min,±0.5%,CMRC20261461,46216.08152,1461.មមជ.2026,2020-06-19,COMPLETED,gNQIm3JxA54mQL6OjYUvIUnCVNxhJzJ6
321,2,             ដេប៉ូប្រេងឥន្ធនៈ ជុំ សុខកេង,         ភូមិកំពង់ឈើទាល  ឃុំសំបូរណ៍  ស្រុកប្រាសាទសំបូរ  ខេត្តកំពង់ធំ,កំពង់ធំ,លោកស្រី ជុំ សុខកេង,ម្ចាស់ដេប៉ូប្រេងឥន្ធនៈ,098994757,ទំនិញវេចខ្ចប់,N/A,N/A,45,2014,N/A,,CMRC20261461,46216.08152,1461.មមជ.2026,2020-06-19,COMPLETED,gNQIm3JxA54mQL6OjYUvIUnCVNxhJzJ6
331,1,              ដេប៉ូប្រេងឥន្ធនៈ ឡុង សុនីតា,          ភូមិសំបូរ  ឃុំសំបូរណ៍  ស្រុកប្រាសាទសំបូរ  ខេត្តកំពង់ធំ,កំពង់ធំ,លោក លិន ឡុង,ម្ចាស់ដេប៉ូប្រេងឥន្ធនៈ,092994757,ឧបករណ៍មាត្រាសាស្ត្រ,ម៉ាស៊ីនបូមប្រេងឥន្ធនៈ,TATSUNO,45,2014,4L-40L/1min,±0.5%,CMRC20261462,46216.08218,1462.មមជ.2026,2024-05-02,COMPLETED,K988MDsT8wZEkbsVe09nsvHBafbiAt1u
331,2,              ដេប៉ូប្រេងឥន្ធនៈ ឡុង សុនីតា,          ភូមិសំបូរ  ឃុំសំបូរណ៍  ស្រុកប្រាសាទសំបូរ  ខេត្តកំពង់ធំ,កំពង់ធំ,លោក លិន ឡុង,ម្ចាស់ដេប៉ូប្រេងឥន្ធនៈ,092994757,ទំនិញវេចខ្ចប់,N/A,N/A,45,2014,N/A,,CMRC20261462,46216.08218,1462.មមជ.2026,2024-05-02,COMPLETED,K988MDsT8wZEkbsVe09nsvHBafbiAt1u
341,1,ក្រុមហ៊ុន ស៊ីនប៉ាវស៊ីន ប៊ែក (ខេមបូឌា) ឯ.ក,#គ្មានលេខ ភូមិស្ពានពោធិ៍ ឃុំសេដ្ឋី ស្រុកសាមគ្គីមានជ័យ ខេត្តកំពង់ឆ្នាំង,កំពង់ឆ្នាំង,Mr. PENG XIAOWU,នាយកក្រុមហ៊ុន ,  067 496 667,ឧបករណ៍មាត្រាសាស្ត្រ,Plate Form Balance ,TCS-150 SN: 954385,45,2023,Pmax= 150Kg,"d=10g , e= 0.5 (0.1%)",រង់ចាំការអនុម័ត,46216.20808,42,2019-02-25,REVIEWING,
341,2,ក្រុមហ៊ុន ស៊ីនប៉ាវស៊ីន ប៊ែក (ខេមបូឌា) ឯ.ក,#គ្មានលេខ ភូមិស្ពានពោធិ៍ ឃុំសេដ្ឋី ស្រុកសាមគ្គីមានជ័យ ខេត្តកំពង់ឆ្នាំង,កំពង់ឆ្នាំង,Mr. PENG XIAOWU,នាយកក្រុមហ៊ុន ,  067 496 667,ឧបករណ៍មាត្រាសាស្ត្រ,Plate Form Balance,TCS-50 SN:733620,45,2025,Pmax= 50Kg,"d=10g , e=0.5 (0.1%)",រង់ចាំការអនុម័ត,46216.20808,42,2019-02-25,REVIEWING,
341,3,ក្រុមហ៊ុន ស៊ីនប៉ាវស៊ីន ប៊ែក (ខេមបូឌា) ឯ.ក,#គ្មានលេខ ភូមិស្ពានពោធិ៍ ឃុំសេដ្ឋី ស្រុកសាមគ្គីមានជ័យ ខេត្តកំពង់ឆ្នាំង,កំពង់ឆ្នាំង,Mr. PENG XIAOWU,នាយកក្រុមហ៊ុន ,  067 496 667,ទំនិញវេចខ្ចប់,NA,NA,45,0,NA,,រង់ចាំការអនុម័ត,46216.20808,42,2019-02-25,REVIEWING,
351,1,ស្ថានីយ៍ប្រេងឥន្ធនៈ តូតាល់ អេនើជី ផ្លូវ 42,ក្បាលដីលេខ៨៥៤ ភូមិបឹងខ្នំ សង្កាត់ពន្សាំង ខណ្ឌព្រែកព្នៅ រាជធានីភ្នំពេញ,ភ្នំពេញ,ស្រេង​ វួចលាង,ម្ចាស់,0889977168,ឧបករណ៍មាត្រាសាស្ត្រ,ឧបករណ៍បូមប្រេងទី១,Q420/2300222,45,2023,5-45L/min,+-1%,CMRC20261465,46216.27546,1465.មមជ.2026,2024-09-07,COMPLETED,CRh0WBfPEquKY3TET2zhnA59PmKlmPDX
351,2,ស្ថានីយ៍ប្រេងឥន្ធនៈ តូតាល់ អេនើជី ផ្លូវ 42,ក្បាលដីលេខ៨៥៤ ភូមិបឹងខ្នំ សង្កាត់ពន្សាំង ខណ្ឌព្រែកព្នៅ រាជធានីភ្នំពេញ,ភ្នំពេញ,ស្រេង​ វួចលាង,ម្ចាស់,0889977168,ឧបករណ៍មាត្រាសាស្ត្រ,ឧបករណ៍បូមប្រេងទី២,Q420/2300228,45,2023,5-45L/min,+-1%,CMRC20261465,46216.27546,1465.មមជ.2026,2024-09-07,COMPLETED,CRh0WBfPEquKY3TET2zhnA59PmKlmPDX
351,3,ស្ថានីយ៍ប្រេងឥន្ធនៈ តូតាល់ អេនើជី ផ្លូវ 42,ក្បាលដីលេខ៨៥៤ ភូមិបឹងខ្នំ សង្កាត់ពន្សាំង ខណ្ឌព្រែកព្នៅ រាជធានីភ្នំពេញ,ភ្នំពេញ,ស្រេង​ វួចលាង,ម្ចាស់,0889977168,ឧបករណ៍មាត្រាសាស្ត្រ,ឧបករណ៍បូមប្រេងទី៣,Q420/2300229,45,2023,5-45L/min,+-1%,CMRC20261465,46216.27546,1465.មមជ.2026,2024-09-07,COMPLETED,CRh0WBfPEquKY3TET2zhnA59PmKlmPDX
351,4,ស្ថានីយ៍ប្រេងឥន្ធនៈ តូតាល់ អេនើជី ផ្លូវ 42,ក្បាលដីលេខ៨៥៤ ភូមិបឹងខ្នំ សង្កាត់ពន្សាំង ខណ្ឌព្រែកព្នៅ រាជធានីភ្នំពេញ,ភ្នំពេញ,ស្រេង​ វួចលាង,ម្ចាស់,0889977168,ទំនិញវេចខ្ចប់,N/A,42,45,42,N/A,,CMRC20261465,46216.27546,1465.មមជ.2026,2024-09-07,COMPLETED,CRh0WBfPEquKY3TET2zhnA59PmKlmPDX
361,1,       ស្ថានីយ៍តូតាល់​ អេនើជី ពោធិ៍សែនជ័យ,ផ្លូវលេខ១០៥K ភូមិក្រាំងអង្ក្រង សង្កាត់ក្រាំងធ្នង់ ខណ្ឌសែនសុខ រាជធានីភ្នំពេញ,ភ្នំពេញ,ស្រេង​ វួចលាង,ម្ចាស់,0889977168,ឧបករណ៍មាត្រាសាស្ត្រ,ឧបករណ៍បូមប្រេងទី១,Q420/1902626W07,45,2019,4.5-45L/min,+-1%,CMRC20261467,46216.28381,1467.មមជ.2026,2024-09-07,COMPLETED,aLGbAPDeS2sZ1whIAOpQHsd16E2GIqzR
361,2,       ស្ថានីយ៍តូតាល់​ អេនើជី ពោធិ៍សែនជ័យ,ផ្លូវលេខ១០៥K ភូមិក្រាំងអង្ក្រង សង្កាត់ក្រាំងធ្នង់ ខណ្ឌសែនសុខ រាជធានីភ្នំពេញ,ភ្នំពេញ,ស្រេង​ វួចលាង,ម្ចាស់,0889977168,ឧបករណ៍មាត្រាសាស្ត្រ,ឧបករណ៍បូមប្រេងទី២,Q420/1902219W07,45,2019,4.5-45L/min,+-1%,CMRC20261467,46216.28381,1467.មមជ.2026,2024-09-07,COMPLETED,aLGbAPDeS2sZ1whIAOpQHsd16E2GIqzR
361,3,       ស្ថានីយ៍តូតាល់​ អេនើជី ពោធិ៍សែនជ័យ,ផ្លូវលេខ១០៥K ភូមិក្រាំងអង្ក្រង សង្កាត់ក្រាំងធ្នង់ ខណ្ឌសែនសុខ រាជធានីភ្នំពេញ,ភ្នំពេញ,ស្រេង​ វួចលាង,ម្ចាស់,0889977168,ទំនិញវេចខ្ចប់,N/A,42,45,42,N/A,,CMRC20261467,46216.28381,1467.មមជ.2026,2024-09-07,COMPLETED,aLGbAPDeS2sZ1whIAOpQHsd16E2GIqzR
371,1,     ស្ថានីយ៍តូតាល់ អេនើជី ឫស្សីកែវ,                ផ្លូវជាតិលេខ៥    ភូមិបឹងឈូក   សង្កាត់គីឡូម៉ែត្រលេខ៦ ខណ្ឌឫស្សីកែវ  រាជធានីភ្នំពេញ,ភ្នំពេញ,ភួង ច័ន្ទបញ្ញា,ម្ចាស់,0974770661,ឧបករណ៍មាត្រាសាស្ត្រ,ឧបករណ៍បូមប្រេងទី១,Q420 3-6/4a(A)-2300224,45,2023,5-45L/min,+-1%,CMRC20261464,46216.30336,1464.មមជ.2026,2026-01-19,COMPLETED,Is0Ec2ZIlxVVq9TM1jyi5AdjwYN1p2az
371,2,     ស្ថានីយ៍តូតាល់ អេនើជី ឫស្សីកែវ,                ផ្លូវជាតិលេខ៥    ភូមិបឹងឈូក   សង្កាត់គីឡូម៉ែត្រលេខ៦ ខណ្ឌឫស្សីកែវ  រាជធានីភ្នំពេញ,ភ្នំពេញ,ភួង ច័ន្ទបញ្ញា,ម្ចាស់,0974770661,ឧបករណ៍មាត្រាសាស្ត្រ,ឧបករណ៍បូមប្រេងទី២,Q420 3-6/4a(A)-2300215,45,2023,5-45L/min,+-1%,CMRC20261464,46216.30336,1464.មមជ.2026,2026-01-19,COMPLETED,Is0Ec2ZIlxVVq9TM1jyi5AdjwYN1p2az
371,3,     ស្ថានីយ៍តូតាល់ អេនើជី ឫស្សីកែវ,                ផ្លូវជាតិលេខ៥    ភូមិបឹងឈូក   សង្កាត់គីឡូម៉ែត្រលេខ៦ ខណ្ឌឫស្សីកែវ  រាជធានីភ្នំពេញ,ភ្នំពេញ,ភួង ច័ន្ទបញ្ញា,ម្ចាស់,0974770661,ឧបករណ៍មាត្រាសាស្ត្រ,ឧបករណ៍បូមប្រេងទី៣,Q420 3-6/4a-1202023W07,45,2012,4.5-45L/min,+-1%,CMRC20261464,46216.30336,1464.មមជ.2026,2026-01-19,COMPLETED,Is0Ec2ZIlxVVq9TM1jyi5AdjwYN1p2az
371,4,     ស្ថានីយ៍តូតាល់ អេនើជី ឫស្សីកែវ,                ផ្លូវជាតិលេខ៥    ភូមិបឹងឈូក   សង្កាត់គីឡូម៉ែត្រលេខ៦ ខណ្ឌឫស្សីកែវ  រាជធានីភ្នំពេញ,ភ្នំពេញ,ភួង ច័ន្ទបញ្ញា,ម្ចាស់,0974770661,ឧបករណ៍មាត្រាសាស្ត្រ,ឧបករណ៍បូមប្រេងទី៤,Q420 3-6/4a-1307686W07,45,2013,4.5-45L/min,+-1%,CMRC20261464,46216.30336,1464.មមជ.2026,2026-01-19,COMPLETED,Is0Ec2ZIlxVVq9TM1jyi5AdjwYN1p2az
371,5,     ស្ថានីយ៍តូតាល់ អេនើជី ឫស្សីកែវ,                ផ្លូវជាតិលេខ៥    ភូមិបឹងឈូក   សង្កាត់គីឡូម៉ែត្រលេខ៦ ខណ្ឌឫស្សីកែវ  រាជធានីភ្នំពេញ,ភ្នំពេញ,ភួង ច័ន្ទបញ្ញា,ម្ចាស់,0974770661,ទំនិញវេចខ្ចប់,N/A,42,45,42,N/A,,CMRC20261464,46216.30336,1464.មមជ.2026,2026-01-19,COMPLETED,Is0Ec2ZIlxVVq9TM1jyi5AdjwYN1p2az
381,1,        ស្ថានីយ៍តូតាល់ អេនើជី ទួលពង្រ,       ក្បាល់ដីលេខ២២១​  ផ្លូវសន្តិភាព ភូមិព្រៃទីទុយ សង្កាត់ព្រៃស ខណ្ឌដង្កោ រាជធានីភ្នំពេញ,ភ្នំពេញ,ស៊ូនី ច័ន្ទបូម៉ុច,ម្ចាស់,012905537,ឧបករណ៍មាត្រាសាស្ត្រ,ឧបករណ៍បូមប្រេងទី១,Q420-2006930W07,45,2020,4.5-45L/min,+-1%,CMRC20261466,46216.32899,1466.មមជ.2026,2024-06-21,COMPLETED,d4XjqTDdYzZveoOdrGEKaxJMuty2XRyK
381,2,        ស្ថានីយ៍តូតាល់ អេនើជី ទួលពង្រ,       ក្បាល់ដីលេខ២២១​  ផ្លូវសន្តិភាព ភូមិព្រៃទីទុយ សង្កាត់ព្រៃស ខណ្ឌដង្កោ រាជធានីភ្នំពេញ,ភ្នំពេញ,ស៊ូនី ច័ន្ទបូម៉ុច,ម្ចាស់,012905537,ឧបករណ៍មាត្រាសាស្ត្រ,ឧបករណ៍បូមប្រេងទី២,Q420-2105475W07,45,2021,4.5-45L/min,+-1%,CMRC20261466,46216.32899,1466.មមជ.2026,2024-06-21,COMPLETED,d4XjqTDdYzZveoOdrGEKaxJMuty2XRyK
381,3,        ស្ថានីយ៍តូតាល់ អេនើជី ទួលពង្រ,       ក្បាល់ដីលេខ២២១​  ផ្លូវសន្តិភាព ភូមិព្រៃទីទុយ សង្កាត់ព្រៃស ខណ្ឌដង្កោ រាជធានីភ្នំពេញ,ភ្នំពេញ,ស៊ូនី ច័ន្ទបូម៉ុច,ម្ចាស់,012905537,ទំនិញវេចខ្ចប់,N/A,42,45,42,N/A,,CMRC20261466,46216.32899,1466.មមជ.2026,2024-06-21,COMPLETED,d4XjqTDdYzZveoOdrGEKaxJMuty2XRyK
391,1,           តូតាល់ អេនើជី ហ្គ្រេនភ្នំពេញ,         ក្បាលដីលេខ៤៣   ផ្លូវលេខ៣០៧ ភូមិ៤  សង្កាត់ច្រាំងចំរេះទី ១  ខណ្ឌឫស្សីកែវ  រាជធានីភ្នំពេញ,ភ្នំពេញ,ស៊ូនី ច័ន្ទបូម៉ុច,ម្ចាស់,012905537,ឧបករណ៍មាត្រាសាស្ត្រ,ឧបករណ័បូមប្រេងទី១,Q420-2105479W07,45,2021,4.5-45L/min,+-1%,CMRC20261463,46216.3375,1463.មមជ.2026,2024-06-21,COMPLETED,nCMQcBvm94imVUko5JCJfB45E45ZISBU
391,2,           តូតាល់ អេនើជី ហ្គ្រេនភ្នំពេញ,         ក្បាលដីលេខ៤៣   ផ្លូវលេខ៣០៧ ភូមិ៤  សង្កាត់ច្រាំងចំរេះទី ១  ខណ្ឌឫស្សីកែវ  រាជធានីភ្នំពេញ,ភ្នំពេញ,ស៊ូនី ច័ន្ទបូម៉ុច,ម្ចាស់,012905537,ឧបករណ៍មាត្រាសាស្ត្រ,ឧបករណ័បូមប្រេងទី២,Q420-2105480W07,45,2021,4.5-45L/min,+-1%,CMRC20261463,46216.3375,1463.មមជ.2026,2024-06-21,COMPLETED,nCMQcBvm94imVUko5JCJfB45E45ZISBU
391,3,           តូតាល់ អេនើជី ហ្គ្រេនភ្នំពេញ,         ក្បាលដីលេខ៤៣   ផ្លូវលេខ៣០៧ ភូមិ៤  សង្កាត់ច្រាំងចំរេះទី ១  ខណ្ឌឫស្សីកែវ  រាជធានីភ្នំពេញ,ភ្នំពេញ,ស៊ូនី ច័ន្ទបូម៉ុច,ម្ចាស់,012905537,ឧបករណ៍មាត្រាសាស្ត្រ,ឧបករណ័បូមប្រេងទី៣,Q420-2105481W07,45,2021,4.5-45L/min,+-1%,CMRC20261463,46216.3375,1463.មមជ.2026,2024-06-21,COMPLETED,nCMQcBvm94imVUko5JCJfB45E45ZISBU
391,4,           តូតាល់ អេនើជី ហ្គ្រេនភ្នំពេញ,         ក្បាលដីលេខ៤៣   ផ្លូវលេខ៣០៧ ភូមិ៤  សង្កាត់ច្រាំងចំរេះទី ១  ខណ្ឌឫស្សីកែវ  រាជធានីភ្នំពេញ,ភ្នំពេញ,ស៊ូនី ច័ន្ទបូម៉ុច,ម្ចាស់,012905537,ទំនិញវេចខ្ចប់,N/A,42,45,42,N/A,,CMRC20261463,46216.3375,1463.មមជ.2026,2024-06-21,COMPLETED,nCMQcBvm94imVUko5JCJfB45E45ZISBU
401,1,   ស្ថានីយប្រេងឥន្ធនៈ វឌ្ឍនៈ,        ផ្លូវជាតិលេខ AH11   ភូមិលើ   សង្កាត់ស្រះឫស្សី   ក្រុងស្ទឹងត្រែង   ខេត្តស្ទឹងត្រែង,ស្ទឹងត្រែង,គាង សុធីឬទ្ធ,ម្ចាស់,0975777305,ឧបករណ៍មាត្រាសាស្ត្រ,ម៉ាស៊ីនបែងចែកប្រែង,TASUNO,45,2014,40L/mn,0.1%,រង់ចាំការអនុម័ត,46217.12436,42,2014-12-21,REVIEWING,
401,2,   ស្ថានីយប្រេងឥន្ធនៈ វឌ្ឍនៈ,        ផ្លូវជាតិលេខ AH11   ភូមិលើ   សង្កាត់ស្រះឫស្សី   ក្រុងស្ទឹងត្រែង   ខេត្តស្ទឹងត្រែង,ស្ទឹងត្រែង,គាង សុធីឬទ្ធ,ម្ចាស់,0975777305,ឧបករណ៍មាត្រាសាស្ត្រ,ម៉ាស៊ីនបែងចែកប្រែង,TASUNO,45,2014,40L/mn,"0,1%",រង់ចាំការអនុម័ត,46217.12436,42,2014-12-21,REVIEWING,
401,3,   ស្ថានីយប្រេងឥន្ធនៈ វឌ្ឍនៈ,        ផ្លូវជាតិលេខ AH11   ភូមិលើ   សង្កាត់ស្រះឫស្សី   ក្រុងស្ទឹងត្រែង   ខេត្តស្ទឹងត្រែង,ស្ទឹងត្រែង,គាង សុធីឬទ្ធ,ម្ចាស់,0975777305,ទំនិញវេចខ្ចប់,ម៉ាស៊ីនបែងចែកប្រេង,42,45,2014,40L/mn,,រង់ចាំការអនុម័ត,46217.12436,42,2014-12-21,REVIEWING,
411,1,ដេប៉ូប្រេងឥន្ធនៈ តេលា ស៊ីវ សារឿន,        ភូមិហ្លួង   ឃុំឫស្សីក្រោក  ស្រុកមង្គលបូរី  ខេត្តបន្ទាយមានជ័យ,បន្ទាយមានជ័យ,លោក ស៊ីវ សារឿន,ម្ចាស់ដេប៉ូ,012313703,ឧបករណ៍មាត្រាសាស្ត្រ,ម៉ាស៊ីនបែងចែកប្រេង     ,TATSUNO ,45,2020,45L/mn,+-1%,CMRC20261474,46218.1076,1474.មមជ.2026,2025-05-19,COMPLETED,KVHucWPUHeckhMVzQcG1WgCTHa8mGetM
411,2,ដេប៉ូប្រេងឥន្ធនៈ តេលា ស៊ីវ សារឿន,        ភូមិហ្លួង   ឃុំឫស្សីក្រោក  ស្រុកមង្គលបូរី  ខេត្តបន្ទាយមានជ័យ,បន្ទាយមានជ័យ,លោក ស៊ីវ សារឿន,ម្ចាស់ដេប៉ូ,012313703,ឧបករណ៍មាត្រាសាស្ត្រ,ម៉ាស៊ីនបែងចែកប្រេង     ,TATSUNO ,45,2020,45L/mn,+-1%,CMRC20261474,46218.1076,1474.មមជ.2026,2025-05-19,COMPLETED,KVHucWPUHeckhMVzQcG1WgCTHa8mGetM
411,3,ដេប៉ូប្រេងឥន្ធនៈ តេលា ស៊ីវ សារឿន,        ភូមិហ្លួង   ឃុំឫស្សីក្រោក  ស្រុកមង្គលបូរី  ខេត្តបន្ទាយមានជ័យ,បន្ទាយមានជ័យ,លោក ស៊ីវ សារឿន,ម្ចាស់ដេប៉ូ,012313703,ទំនិញវេចខ្ចប់,N/A,N/A,45,2020,N/A,,CMRC20261474,46218.1076,1474.មមជ.2026,2025-05-19,COMPLETED,KVHucWPUHeckhMVzQcG1WgCTHa8mGetM
421,1,    ស្ថានីយប្រេងឥន្ធនៈ តេលា មង្គលបុរី,       ភូមិចំការតាដោក  ឃុំឫស្សីក្រោក  ស្រុកមង្គលបូរី  ខេត្តបន្ទាយមានជ័យ,បន្ទាយមានជ័យ,លោក ប៉ោ គឹមហ៊ុយ,ម្ចាស់ដេប៉ូ,012313703,ឧបករណ៍មាត្រាសាស្ត្រ,ម៉ាស៊ីនបែងចែកប្រេង     ,  TATSUNO  ,45,2020,45L/mn,+-1%,CMRC20261471,46218.11142,1471.មមជ.2026,2023-09-22,COMPLETED,5p11s9vo6g1jIEGWI1ETZ4sohTFpzEh1
421,2,    ស្ថានីយប្រេងឥន្ធនៈ តេលា មង្គលបុរី,       ភូមិចំការតាដោក  ឃុំឫស្សីក្រោក  ស្រុកមង្គលបូរី  ខេត្តបន្ទាយមានជ័យ,បន្ទាយមានជ័យ,លោក ប៉ោ គឹមហ៊ុយ,ម្ចាស់ដេប៉ូ,012313703,ឧបករណ៍មាត្រាសាស្ត្រ,ម៉ាស៊ីនបែងចែកប្រេង     ,  TATSUNO  ,45,2020,45L/mn,+-1%,CMRC20261471,46218.11142,1471.មមជ.2026,2023-09-22,COMPLETED,5p11s9vo6g1jIEGWI1ETZ4sohTFpzEh1
421,3,    ស្ថានីយប្រេងឥន្ធនៈ តេលា មង្គលបុរី,       ភូមិចំការតាដោក  ឃុំឫស្សីក្រោក  ស្រុកមង្គលបូរី  ខេត្តបន្ទាយមានជ័យ,បន្ទាយមានជ័យ,លោក ប៉ោ គឹមហ៊ុយ,ម្ចាស់ដេប៉ូ,012313703,ទំនិញវេចខ្ចប់,N/A,N/A,45,2020,N/A,,CMRC20261471,46218.11142,1471.មមជ.2026,2023-09-22,COMPLETED,5p11s9vo6g1jIEGWI1ETZ4sohTFpzEh1
431,1,    ដេប៉ូប្រេងឥន្ធនៈ តេលា ស៊ូ ហួង,        ភូមិគោកស្វាយ   ឃុំឫស្សីក្រោក   ស្រុកមង្គលបូរី   ខេត្តបន្ទាយមានជ័យ,បន្ទាយមានជ័យ,លោកស្រី ចេង យ៉ាដា,ម្ចាស់ដេប៉ូ,012313703,ឧបករណ៍មាត្រាសាស្ត្រ,ម៉ាស៊ីនបែងចែកប្រេង     , TATSUNO  ,45,2020,45L/mn,+-1%,CMRC20261478,46218.11303,1478.មមជ.2026,2022-07-05,COMPLETED,jyGQ55GRv2RvC0vxz5uojtRxnLNlPLuq
431,2,    ដេប៉ូប្រេងឥន្ធនៈ តេលា ស៊ូ ហួង,        ភូមិគោកស្វាយ   ឃុំឫស្សីក្រោក   ស្រុកមង្គលបូរី   ខេត្តបន្ទាយមានជ័យ,បន្ទាយមានជ័យ,លោកស្រី ចេង យ៉ាដា,ម្ចាស់ដេប៉ូ,012313703,ឧបករណ៍មាត្រាសាស្ត្រ,ម៉ាស៊ីនបែងចែកប្រេង     , TATSUNO  ,45,2020,45L/mn,+-1%,CMRC20261478,46218.11303,1478.មមជ.2026,2022-07-05,COMPLETED,jyGQ55GRv2RvC0vxz5uojtRxnLNlPLuq
431,3,    ដេប៉ូប្រេងឥន្ធនៈ តេលា ស៊ូ ហួង,        ភូមិគោកស្វាយ   ឃុំឫស្សីក្រោក   ស្រុកមង្គលបូរី   ខេត្តបន្ទាយមានជ័យ,បន្ទាយមានជ័យ,លោកស្រី ចេង យ៉ាដា,ម្ចាស់ដេប៉ូ,012313703,ទំនិញវេចខ្ចប់,N/A,N/A,45,2020,N/A,,CMRC20261478,46218.11303,1478.មមជ.2026,2022-07-05,COMPLETED,jyGQ55GRv2RvC0vxz5uojtRxnLNlPLuq
441,1,ដេប៉ូប្រេងឥន្ធនៈ តេលា ឡុង ពុន,        ភូមិថ្នល់បត់  ឃុំរហាត់ទឹក  ស្រុកមង្គលបូរី  ខេត្តបន្ទាយមានជ័យ,បន្ទាយមានជ័យ,លោក ឡុង ពុន ,ម្ចាស់ដេប៉ូ,012313703,ឧបករណ៍មាត្រាសាស្ត្រ,ម៉ាស៊ីនបែងចែកប្រេង     ,  TATSUNO  ,45,2020,45L/mn,+-1%,CMRC20261479,46218.11764,1479.មមជ.2026,2023-01-20,COMPLETED,9sX02Kd0UN7qN1orUqovly9OLfmV54nF
441,2,ដេប៉ូប្រេងឥន្ធនៈ តេលា ឡុង ពុន,        ភូមិថ្នល់បត់  ឃុំរហាត់ទឹក  ស្រុកមង្គលបូរី  ខេត្តបន្ទាយមានជ័យ,បន្ទាយមានជ័យ,លោក ឡុង ពុន ,ម្ចាស់ដេប៉ូ,012313703,ឧបករណ៍មាត្រាសាស្ត្រ,ម៉ាស៊ីនបែងចែកប្រេង     ,  TATSUNO  ,45,2020,45L/mn,+-1%,CMRC20261479,46218.11764,1479.មមជ.2026,2023-01-20,COMPLETED,9sX02Kd0UN7qN1orUqovly9OLfmV54nF
441,3,ដេប៉ូប្រេងឥន្ធនៈ តេលា ឡុង ពុន,        ភូមិថ្នល់បត់  ឃុំរហាត់ទឹក  ស្រុកមង្គលបូរី  ខេត្តបន្ទាយមានជ័យ,បន្ទាយមានជ័យ,លោក ឡុង ពុន ,ម្ចាស់ដេប៉ូ,012313703,ទំនិញវេចខ្ចប់,N/A,N/A,45,2020,N/A,,CMRC20261479,46218.11764,1479.មមជ.2026,2023-01-20,COMPLETED,9sX02Kd0UN7qN1orUqovly9OLfmV54nF
451,1,សិប្បកម្មផលិតទឹកកកអនាម័យ និងទឺកពិសារដប EI EI 3939,ដីឡូតិ៍លេខ442 និង443 ភូមិឈើទាលភ្លោះ ឃុំស្វាយអំពារ ស្រុកមុខកំពូល ខេត្តកណ្ដាល,កណ្ដាល,រឿន ណារីម,ម្ចាស់សិប្បកម្មផលិតទឹកកអនាម័យ និងទឹកពិសារដប EI EI 3939,0716666677,ឧបករណ៍មាត្រាសាស្ត្រ,Tube Ice Machine,TV30,45,2026,30-40mm,20-30g,រង់ចាំការអនុម័ត,46218.1187,42,2025-08-25,SUBMITTED,
451,2,សិប្បកម្មផលិតទឹកកកអនាម័យ និងទឺកពិសារដប EI EI 3939,ដីឡូតិ៍លេខ442 និង443 ភូមិឈើទាលភ្លោះ ឃុំស្វាយអំពារ ស្រុកមុខកំពូល ខេត្តកណ្ដាល,កណ្ដាល,រឿន ណារីម,ម្ចាស់សិប្បកម្មផលិតទឹកកអនាម័យ និងទឹកពិសារដប EI EI 3939,0716666677,ឧបករណ៍មាត្រាសាស្ត្រ,Cube Ice Machine,TV30,45,2026,22 x 22 x 22,18-20g,រង់ចាំការអនុម័ត,46218.1187,42,2025-08-25,SUBMITTED,
451,3,សិប្បកម្មផលិតទឹកកកអនាម័យ និងទឺកពិសារដប EI EI 3939,ដីឡូតិ៍លេខ442 និង443 ភូមិឈើទាលភ្លោះ ឃុំស្វាយអំពារ ស្រុកមុខកំពូល ខេត្តកណ្ដាល,កណ្ដាល,រឿន ណារីម,ម្ចាស់សិប្បកម្មផលិតទឹកកអនាម័យ និងទឹកពិសារដប EI EI 3939,0716666677,ទំនិញវេចខ្ចប់,ទឹកពិសារដប​ EI EI 3939,EI EI 3939,38,2026,500ml,,រង់ចាំការអនុម័ត,46218.1187,42,2025-08-25,SUBMITTED,
461,1,ដេប៉ូប្រេងឥន្ធនៈ តេលា  គោកទន្លាប់,      ភូមិគោកទន្លាប់   ឃុំបន្ទាយនាង   ស្រុកមង្គលបូរី   ខេត្តបន្ទាយមានជ័យ,បន្ទាយមានជ័យ,លោក ចៅ ប៉ែត ,ម្ចាស់ដេប៉ូ,012313703,ឧបករណ៍មាត្រាសាស្ត្រ,ម៉ាស៊ីនបែងចែកប្រេង     ,TATSUNO     ,45,2020,45L/mn,+-1%,CMRC20261470,46218.11934,1470.មមជ.2026,2024-12-11,COMPLETED,kohYDBKoyXVDMbV1fUcE8EZ3QW3qe7xJ
461,2,ដេប៉ូប្រេងឥន្ធនៈ តេលា  គោកទន្លាប់,      ភូមិគោកទន្លាប់   ឃុំបន្ទាយនាង   ស្រុកមង្គលបូរី   ខេត្តបន្ទាយមានជ័យ,បន្ទាយមានជ័យ,លោក ចៅ ប៉ែត ,ម្ចាស់ដេប៉ូ,012313703,ឧបករណ៍មាត្រាសាស្ត្រ,ម៉ាស៊ីនបែងចែកប្រេង     ,TATSUNO  ,45,2020,45L/mn,+-1%,CMRC20261470,46218.11934,1470.មមជ.2026,2024-12-11,COMPLETED,kohYDBKoyXVDMbV1fUcE8EZ3QW3qe7xJ
461,3,ដេប៉ូប្រេងឥន្ធនៈ តេលា  គោកទន្លាប់,      ភូមិគោកទន្លាប់   ឃុំបន្ទាយនាង   ស្រុកមង្គលបូរី   ខេត្តបន្ទាយមានជ័យ,បន្ទាយមានជ័យ,លោក ចៅ ប៉ែត ,ម្ចាស់ដេប៉ូ,012313703,ទំនិញវេចខ្ចប់,N/A,N/A,45,2020,N/A,,CMRC20261470,46218.11934,1470.មមជ.2026,2024-12-11,COMPLETED,kohYDBKoyXVDMbV1fUcE8EZ3QW3qe7xJ
471,1,,,កំពង់ចាម,ភួង ច័ន្ទបញ្ញា,ម្ចាស់ក្រុមហ៊ុន,012 484656,ឧបករណ៍មាត្រាសាស្ត្រ,FUEL DISPENER,TOKHIEM,45,2020,45 LITER/MIN,-0.02/1000,,46218.2148,,2026-01-25,RETURNED,
471,2,,,កំពង់ចាម,ភួង ច័ន្ទបញ្ញា,ម្ចាស់ក្រុមហ៊ុន,012 484656,ទំនិញវេចខ្ចប់,DISEL ,TOKHIEM,45,2020,45L/MIN,,,46218.2148,,2026-01-25,RETURNED,
471,3,,,កំពង់ចាម,ភួង ច័ន្ទបញ្ញា,ម្ចាស់ក្រុមហ៊ុន,012 484656,ទំនិញវេចខ្ចប់,REGULAR,TOKHIEM,45,2020,45L/MIN,,,46218.2148,,2026-01-25,RETURNED,
471,4,,,កំពង់ចាម,ភួង ច័ន្ទបញ្ញា,ម្ចាស់ក្រុមហ៊ុន,012 484656,ទំនិញវេចខ្ចប់,EXCELLIUM,TOKHIEM,45,2020,45L/MIN,,,46218.2148,,2026-01-25,RETURNED,
481,1,,,ភ្នំពេញ,HUI EBIE Y F,នាយក,092888018,ឧបករណ៍មាត្រាសាស្ត្រ,Steel Ruller,Guanglu,45,1990,1000mm,± 0.1 mm to ± 0.5 mm,,46218.33476,,2017-10-12,RETURNED,
481,2,,,ភ្នំពេញ,HUI EBIE Y F,នាយក,092888018,ឧបករណ៍មាត្រាសាស្ត្រ,Pressure Gauges,KK Gauges,217,2024,0-35Kg/cm2 & 0-500PSI, ± 0.05 psi,,46218.33476,,2017-10-12,RETURNED,
481,3,,,ភ្នំពេញ,HUI EBIE Y F,នាយក,092888018,ឧបករណ៍មាត្រាសាស្ត្រ,Mechanic Scale ,Nhon Hao,241,2009,2Kg - 60 Kg,± 3%,,46218.33476,,2017-10-12,RETURNED,
481,4,,,ភ្នំពេញ,HUI EBIE Y F,នាយក,092888018,ឧបករណ៍មាត្រាសាស្ត្រ,Digital Thermometer,Center 300,217,1990,-200 C ~ +1370 C,± 0.3%,,46218.33476,,2017-10-12,RETURNED,
481,5,,,ភ្នំពេញ,HUI EBIE Y F,នាយក,092888018,ឧបករណ៍មាត្រាសាស្ត្រ,Electric Weight Scale,HY-603G,45,2019,0.1 KG - 300 Kg,± 0.1 kg,,46218.33476,,2017-10-12,RETURNED,
481,6,,,ភ្នំពេញ,HUI EBIE Y F,នាយក,092888018,ឧបករណ៍មាត្រាសាស្ត្រ,Wall Thermometer ,J228,45,2019,-30 C ~ +50 C,-30 C ~ +50 C,,46218.33476,,2017-10-12,RETURNED,
481,7,,,ភ្នំពេញ,HUI EBIE Y F,នាយក,092888018,ឧបករណ៍មាត្រាសាស្ត្រ,Round Sample Cutter,GSM Cutter,45,2000,100 Cm2,100 cm² (a diameter of 112.8 mm),,46218.33476,,2017-10-12,RETURNED,
481,8,,,ភ្នំពេញ,HUI EBIE Y F,នាយក,092888018,ទំនិញវេចខ្ចប់,Digital Caliper,stainless steel electronic digital vernier caliper 200mm,45,2000,230 grams,,,46218.33476,,2017-10-12,RETURNED,
491,1,    ស្ថានីយ៍ប្រេងឥន្ធនៈ កាល់តិច ចំការដូង២,    ក្បាលដីលេខ១០២៥០   មហាវិថីសម្តេចព្រះមុនីរ៉េត(២១៧)   ភូមិសំបួរ សង្កាត់ដង្កោ  ខណ្ឌដង្កោ  រាជធានីភ្នំពេញ,ភ្នំពេញ,ប៊ុន ចាន់បុប្ផា,ម្ចាស់,0962769999,ឧបករណ៍មាត្រាសាស្ត្រ,ឧបករណ៍បូមប្រេងទី១,56QF632B/6410HW25CW11,45,2025,5-50L/min,+-1%,CMRC20261476,46222.14819,1476.មមជ.2026,2020-06-03,COMPLETED,bl5xGG3cSNxtlVCPIcO0uKvfbd9vKsTJ
491,2,    ស្ថានីយ៍ប្រេងឥន្ធនៈ កាល់តិច ចំការដូង២,    ក្បាលដីលេខ១០២៥០   មហាវិថីសម្តេចព្រះមុនីរ៉េត(២១៧)   ភូមិសំបួរ សង្កាត់ដង្កោ  ខណ្ឌដង្កោ  រាជធានីភ្នំពេញ,ភ្នំពេញ,ប៊ុន ចាន់បុប្ផា,ម្ចាស់,0962769999,ឧបករណ៍មាត្រាសាស្ត្រ,ឧបករណ៍បូមប្រេងទី២,56QF632B/6410HW25CW02,45,2025,5-50L/min,+-1%,CMRC20261476,46222.14819,1476.មមជ.2026,2020-06-03,COMPLETED,bl5xGG3cSNxtlVCPIcO0uKvfbd9vKsTJ
491,3,    ស្ថានីយ៍ប្រេងឥន្ធនៈ កាល់តិច ចំការដូង២,    ក្បាលដីលេខ១០២៥០   មហាវិថីសម្តេចព្រះមុនីរ៉េត(២១៧)   ភូមិសំបួរ សង្កាត់ដង្កោ  ខណ្ឌដង្កោ  រាជធានីភ្នំពេញ,ភ្នំពេញ,ប៊ុន ចាន់បុប្ផា,ម្ចាស់,0962769999,ឧបករណ៍មាត្រាសាស្ត្រ,ឧបករណ៍បូមប្រេងទី៣,56QF632B/6410HW25CW09,45,2025,5-50L/min,+-1%,CMRC20261476,46222.14819,1476.មមជ.2026,2020-06-03,COMPLETED,bl5xGG3cSNxtlVCPIcO0uKvfbd9vKsTJ
491,4,    ស្ថានីយ៍ប្រេងឥន្ធនៈ កាល់តិច ចំការដូង២,    ក្បាលដីលេខ១០២៥០   មហាវិថីសម្តេចព្រះមុនីរ៉េត(២១៧)   ភូមិសំបួរ សង្កាត់ដង្កោ  ខណ្ឌដង្កោ  រាជធានីភ្នំពេញ,ភ្នំពេញ,ប៊ុន ចាន់បុប្ផា,ម្ចាស់,0962769999,ទំនិញវេចខ្ចប់,N/A,42,45,42,N/A,,CMRC20261476,46222.14819,1476.មមជ.2026,2020-06-03,COMPLETED,bl5xGG3cSNxtlVCPIcO0uKvfbd9vKsTJ
501,1,ស្ថានីយ៍ប្រេងឥន្ធនៈ តូតាល់ អេនើជី ជើងឯក,  មហាវិថីសម្តេចព្រះមុនីរ៉េត(២១៧) ភូមិតាឡី  សង្កាត់ដង្កោ  ខណ្ឌដង្កោ  រាជធានីភ្នំពេញ,ភ្នំពេញ,ហាវ​ ឈួយវង,ម្ចាស់,012905537,ឧបករណ៍មាត្រាសាស្ត្រ,ឧបករណ៍បូមប្រេងទី១,Q420/2105482W03,45,2021,0.5-45L/min,+-1%,CMRC20261481,46222.16797,1481.មមជ.2026,2018-11-30,COMPLETED,kCnXmRjWetnmgamQqdCM91un7wwwfe0h
501,2,ស្ថានីយ៍ប្រេងឥន្ធនៈ តូតាល់ អេនើជី ជើងឯក,  មហាវិថីសម្តេចព្រះមុនីរ៉េត(២១៧) ភូមិតាឡី  សង្កាត់ដង្កោ  ខណ្ឌដង្កោ  រាជធានីភ្នំពេញ,ភ្នំពេញ,ហាវ​ ឈួយវង,ម្ចាស់,012905537,ឧបករណ៍មាត្រាសាស្ត្រ,ឧបករណ៍បូមប្រេងទី២,Q420/2105483W03,45,2021,0.5-45L/min,+-1%,CMRC20261481,46222.16797,1481.មមជ.2026,2018-11-30,COMPLETED,kCnXmRjWetnmgamQqdCM91un7wwwfe0h
501,3,ស្ថានីយ៍ប្រេងឥន្ធនៈ តូតាល់ អេនើជី ជើងឯក,  មហាវិថីសម្តេចព្រះមុនីរ៉េត(២១៧) ភូមិតាឡី  សង្កាត់ដង្កោ  ខណ្ឌដង្កោ  រាជធានីភ្នំពេញ,ភ្នំពេញ,ហាវ​ ឈួយវង,ម្ចាស់,012905537,ឧបករណ៍មាត្រាសាស្ត្រ,ឧបករណ៍បូមប្រេងទី៣,Q420/2105484W03,45,2021,0.5-45L/min,+-1%,CMRC20261481,46222.16797,1481.មមជ.2026,2018-11-30,COMPLETED,kCnXmRjWetnmgamQqdCM91un7wwwfe0h
501,4,ស្ថានីយ៍ប្រេងឥន្ធនៈ តូតាល់ អេនើជី ជើងឯក,  មហាវិថីសម្តេចព្រះមុនីរ៉េត(២១៧) ភូមិតាឡី  សង្កាត់ដង្កោ  ខណ្ឌដង្កោ  រាជធានីភ្នំពេញ,ភ្នំពេញ,ហាវ​ ឈួយវង,ម្ចាស់,012905537,ទំនិញវេចខ្ចប់,N/A,42,45,42,N/A,,CMRC20261481,46222.16797,1481.មមជ.2026,2018-11-30,COMPLETED,kCnXmRjWetnmgamQqdCM91un7wwwfe0h
511,1,     ស្ថានីយ៍ប្រេងឥន្ធនៈ កាល់តិច ឌីប៉ុក,      ក្បាលដីលេខ២៨៦៣  មហាវិថីមហាឧបាសិកា ឌី ប៉ុក កែងផ្លូវបេតុង  ភូមិសំរោង  សង្កាត់ឃ្មួញ  ខណ្ឌសែនសុខ  រាជធានីភ្នំពេញ,ភ្នំពេញ,ប៉ាក់ សោភ័ណ្ឌរិទ្ធ,ម្ចាស់,077271144,ឧបករណ៍មាត្រាសាស្ត្រ,ឧបករណ៍បូមប្រេងទិ១,LS-300/202410002056,45,2024,5-55L/min,+-1%,CMRC20261472,46222.18294,1472.មមជ.2026,2026-06-11,COMPLETED,adyk50Ay3Hm8JIgLJZZv5zLeNTKEvqXy
511,2,     ស្ថានីយ៍ប្រេងឥន្ធនៈ កាល់តិច ឌីប៉ុក,      ក្បាលដីលេខ២៨៦៣  មហាវិថីមហាឧបាសិកា ឌី ប៉ុក កែងផ្លូវបេតុង  ភូមិសំរោង  សង្កាត់ឃ្មួញ  ខណ្ឌសែនសុខ  រាជធានីភ្នំពេញ,ភ្នំពេញ,ប៉ាក់ សោភ័ណ្ឌរិទ្ធ,ម្ចាស់,077271144,ឧបករណ៍មាត្រាសាស្ត្រ,ឧបករណ៍បូមប្រេងទិ២,LS-300/202410002086,45,2024,5-55L/min,+-1%,CMRC20261472,46222.18294,1472.មមជ.2026,2026-06-11,COMPLETED,adyk50Ay3Hm8JIgLJZZv5zLeNTKEvqXy
511,3,     ស្ថានីយ៍ប្រេងឥន្ធនៈ កាល់តិច ឌីប៉ុក,      ក្បាលដីលេខ២៨៦៣  មហាវិថីមហាឧបាសិកា ឌី ប៉ុក កែងផ្លូវបេតុង  ភូមិសំរោង  សង្កាត់ឃ្មួញ  ខណ្ឌសែនសុខ  រាជធានីភ្នំពេញ,ភ្នំពេញ,ប៉ាក់ សោភ័ណ្ឌរិទ្ធ,ម្ចាស់,077271144,ឧបករណ៍មាត្រាសាស្ត្រ,ឧបករណ៍បូមប្រេងទិ៣,LS-300/202410002096,45,2024,5-55L/min,+-1%,CMRC20261472,46222.18294,1472.មមជ.2026,2026-06-11,COMPLETED,adyk50Ay3Hm8JIgLJZZv5zLeNTKEvqXy
511,4,     ស្ថានីយ៍ប្រេងឥន្ធនៈ កាល់តិច ឌីប៉ុក,      ក្បាលដីលេខ២៨៦៣  មហាវិថីមហាឧបាសិកា ឌី ប៉ុក កែងផ្លូវបេតុង  ភូមិសំរោង  សង្កាត់ឃ្មួញ  ខណ្ឌសែនសុខ  រាជធានីភ្នំពេញ,ភ្នំពេញ,ប៉ាក់ សោភ័ណ្ឌរិទ្ធ,ម្ចាស់,077271144,ទំនិញវេចខ្ចប់,N/A,42,45,42,N/A,,CMRC20261472,46222.18294,1472.មមជ.2026,2026-06-11,COMPLETED,adyk50Ay3Hm8JIgLJZZv5zLeNTKEvqXy
521,1,   ស្ថានីយ៍ប្រេងឥន្ធនៈ តូតាល់ អេនើជី​ ចាក់អង្រែ,     ដីឡូតិ៍លេខ៧៦០  ផ្លូវជាតិលេខ២  ភូមិព្រែកតាឡុង  សង្កាត់ចាក់អង្រែក្រោម  ខណ្ឌមានជ័យ  រាជធានីភ្នំពេញ,ភ្នំពេញ,ឃុន សូរីណា,ម្ចាស់,090987777,ឧបករណ៍មាត្រាសាស្ត្រ,ឧបករណ៍បូមប្រេងទី១,DA26LA/2030000283,45,2020,5-50L/min,+-1%,CMRC20261477,46222.20111,1477.មមជ.2026,2016-12-30,COMPLETED,IBKJQ2gyOnIftexhQg7bgdFePwQsjRMZ
521,2,   ស្ថានីយ៍ប្រេងឥន្ធនៈ តូតាល់ អេនើជី​ ចាក់អង្រែ,     ដីឡូតិ៍លេខ៧៦០  ផ្លូវជាតិលេខ២  ភូមិព្រែកតាឡុង  សង្កាត់ចាក់អង្រែក្រោម  ខណ្ឌមានជ័យ  រាជធានីភ្នំពេញ,ភ្នំពេញ,ឃុន សូរីណា,ម្ចាស់,090987777,ឧបករណ៍មាត្រាសាស្ត្រ,ឧបករណ៍បូមប្រេងទី២,DA26LA/2030000441,45,2020,5-50L/min,+-1%,CMRC20261477,46222.20111,1477.មមជ.2026,2016-12-30,COMPLETED,IBKJQ2gyOnIftexhQg7bgdFePwQsjRMZ
521,3,   ស្ថានីយ៍ប្រេងឥន្ធនៈ តូតាល់ អេនើជី​ ចាក់អង្រែ,     ដីឡូតិ៍លេខ៧៦០  ផ្លូវជាតិលេខ២  ភូមិព្រែកតាឡុង  សង្កាត់ចាក់អង្រែក្រោម  ខណ្ឌមានជ័យ  រាជធានីភ្នំពេញ,ភ្នំពេញ,ឃុន សូរីណា,ម្ចាស់,090987777,ទំនិញវេចខ្ចប់,N/A,42,45,42,N/A,,CMRC20261477,46222.20111,1477.មមជ.2026,2016-12-30,COMPLETED,IBKJQ2gyOnIftexhQg7bgdFePwQsjRMZ
531,1,  ស្ថានីយ៍ប្រេងឥន្ធនៈ កាល់តិច វត្តភ្នៀត,    ក្បាលដីលេខ១៣៦៦  ផ្លូវបេតុង  ភូមិស្រែអំពិល  សង្កាត់ស្នោរ  ខណ្ឌកំបូល  រាជធានីភ្នំពេញ,ភ្នំពេញ,ឃូ អៀងទី,ម្ចាស់,012905537,ឧបករណ៍មាត្រាសាស្ត្រ,ឧបករណ៍បូមប្រេងទិ១,H(W/LU)33-33R/825263,31,2025,4-40L/min,+-1%,CMRC20261475,46222.22212,1475.មមជ.2026,2016-06-08,COMPLETED,hy05qXxA0a4kIgJgeyzc64iDOTFEm9nZ
531,2,  ស្ថានីយ៍ប្រេងឥន្ធនៈ កាល់តិច វត្តភ្នៀត,    ក្បាលដីលេខ១៣៦៦  ផ្លូវបេតុង  ភូមិស្រែអំពិល  សង្កាត់ស្នោរ  ខណ្ឌកំបូល  រាជធានីភ្នំពេញ,ភ្នំពេញ,ឃូ អៀងទី,ម្ចាស់,012905537,ឧបករណ៍មាត្រាសាស្ត្រ,ឧបករណ៍បូមប្រេងទិ២,H(W/LU)33-33R/825259,31,2025,4-40L/min,+-1%,CMRC20261475,46222.22212,1475.មមជ.2026,2016-06-08,COMPLETED,hy05qXxA0a4kIgJgeyzc64iDOTFEm9nZ
531,3,  ស្ថានីយ៍ប្រេងឥន្ធនៈ កាល់តិច វត្តភ្នៀត,    ក្បាលដីលេខ១៣៦៦  ផ្លូវបេតុង  ភូមិស្រែអំពិល  សង្កាត់ស្នោរ  ខណ្ឌកំបូល  រាជធានីភ្នំពេញ,ភ្នំពេញ,ឃូ អៀងទី,ម្ចាស់,012905537,ឧបករណ៍មាត្រាសាស្ត្រ,ឧបករណ៍បូមប្រេងទិ៣,H(W/LU)33-33R/825268,31,2025,4-40L/min,+-1%,CMRC20261475,46222.22212,1475.មមជ.2026,2016-06-08,COMPLETED,hy05qXxA0a4kIgJgeyzc64iDOTFEm9nZ
531,4,  ស្ថានីយ៍ប្រេងឥន្ធនៈ កាល់តិច វត្តភ្នៀត,    ក្បាលដីលេខ១៣៦៦  ផ្លូវបេតុង  ភូមិស្រែអំពិល  សង្កាត់ស្នោរ  ខណ្ឌកំបូល  រាជធានីភ្នំពេញ,ភ្នំពេញ,ឃូ អៀងទី,ម្ចាស់,012905537,ឧបករណ៍មាត្រាសាស្ត្រ,ឧបករណ៍បូមប្រេងទិ៤,H(W/LU)33-33R/825269,31,2025,4-40L/min,+-1%,CMRC20261475,46222.22212,1475.មមជ.2026,2016-06-08,COMPLETED,hy05qXxA0a4kIgJgeyzc64iDOTFEm9nZ
531,5,  ស្ថានីយ៍ប្រេងឥន្ធនៈ កាល់តិច វត្តភ្នៀត,    ក្បាលដីលេខ១៣៦៦  ផ្លូវបេតុង  ភូមិស្រែអំពិល  សង្កាត់ស្នោរ  ខណ្ឌកំបូល  រាជធានីភ្នំពេញ,ភ្នំពេញ,ឃូ អៀងទី,ម្ចាស់,012905537,ទំនិញវេចខ្ចប់,N/A,42,45,42,N/A,,CMRC20261475,46222.22212,1475.មមជ.2026,2016-06-08,COMPLETED,hy05qXxA0a4kIgJgeyzc64iDOTFEm9nZ
541,1,       ស្ថានីយ៍ប្រេងឥន្ធនៈ សាវីម៉ិច ,       # ផ្លូវ .  ភូមិតាកាន់  ឃុំព្រៃគ្រី  ស្រុកជលគីរី  ខេត្តកំពង់ឆ្នាំង,កំពង់ឆ្នាំង,លោកស្រី ប៉ូច ឈុនលាង,ម្ចាស់ស្ថានីយ៍ប្រេងឥន្ធនៈ,096 596 9037,ឧបករណ៍មាត្រាសាស្ត្រ,ឧបករណ៍បូមប្រេង,YDA  SN/2030000224,45,2022,45L/min-55L/min,+_ 0.5%,CMRC20261480,46225.17067,1480.មមជ.2026,2025-10-08,COMPLETED,JqRaoQaCTSarV4wM1mpudgcQ5nP4m1lm
541,2,       ស្ថានីយ៍ប្រេងឥន្ធនៈ សាវីម៉ិច ,       # ផ្លូវ .  ភូមិតាកាន់  ឃុំព្រៃគ្រី  ស្រុកជលគីរី  ខេត្តកំពង់ឆ្នាំង,កំពង់ឆ្នាំង,លោកស្រី ប៉ូច ឈុនលាង,ម្ចាស់ស្ថានីយ៍ប្រេងឥន្ធនៈ,096 596 9037,ឧបករណ៍មាត្រាសាស្ត្រ,ឧបករណ៍បូមប្រេង,YDA  SN/2030000265,45,2022,45L/min-55L/min,+_ 0.5%,CMRC20261480,46225.17067,1480.មមជ.2026,2025-10-08,COMPLETED,JqRaoQaCTSarV4wM1mpudgcQ5nP4m1lm
541,3,       ស្ថានីយ៍ប្រេងឥន្ធនៈ សាវីម៉ិច ,       # ផ្លូវ .  ភូមិតាកាន់  ឃុំព្រៃគ្រី  ស្រុកជលគីរី  ខេត្តកំពង់ឆ្នាំង,កំពង់ឆ្នាំង,លោកស្រី ប៉ូច ឈុនលាង,ម្ចាស់ស្ថានីយ៍ប្រេងឥន្ធនៈ,096 596 9037,ទំនិញវេចខ្ចប់,-,-,38,0,-,,CMRC20261480,46225.17067,1480.មមជ.2026,2025-10-08,COMPLETED,JqRaoQaCTSarV4wM1mpudgcQ5nP4m1lm
551,1,ឈី'អាន យីងតុង ឡៃថ៍ អុិនដាសស្ទ្រៀល ប្រដាក់ ឯ.ក,ផ្លូវជាតិលេខ៥១ ភូមិអង្គតាឡឹក ឃុំសំបូរ ស្រុកសំរោងទង ខេត្តកំពង់ស្ពឺ,កំពង់ស្ពឺ,Mr. WANG SHIHAO ,ជាអភិបាលក្រុនហ៊ុន,0962398430 ,ឧបករណ៍មាត្រាសាស្ត្រ,Electronic Balance,T3563509,45,2025,300kg,d:100g,រង់ចាំការអនុម័ត,46225.24387,42,2024-06-05,SUBMITTED,
551,2,ឈី'អាន យីងតុង ឡៃថ៍ អុិនដាសស្ទ្រៀល ប្រដាក់ ឯ.ក,ផ្លូវជាតិលេខ៥១ ភូមិអង្គតាឡឹក ឃុំសំបូរ ស្រុកសំរោងទង ខេត្តកំពង់ស្ពឺ,កំពង់ស្ពឺ,Mr. WANG SHIHAO ,ជាអភិបាលក្រុនហ៊ុន,0962398430 ,ឧបករណ៍មាត្រាសាស្ត្រ,Electronic Balance,TS-500,45,2025,15kg,d:0.5g,រង់ចាំការអនុម័ត,46225.24387,42,2024-06-05,SUBMITTED,
551,3,ឈី'អាន យីងតុង ឡៃថ៍ អុិនដាសស្ទ្រៀល ប្រដាក់ ឯ.ក,ផ្លូវជាតិលេខ៥១ ភូមិអង្គតាឡឹក ឃុំសំបូរ ស្រុកសំរោងទង ខេត្តកំពង់ស្ពឺ,កំពង់ស្ពឺ,Mr. WANG SHIHAO ,ជាអភិបាលក្រុនហ៊ុន,0962398430 ,ឧបករណ៍មាត្រាសាស្ត្រ,Steel Ruler ,NA,45,2025,90mm,d:1mm,រង់ចាំការអនុម័ត,46225.24387,42,2024-06-05,SUBMITTED,
551,4,ឈី'អាន យីងតុង ឡៃថ៍ អុិនដាសស្ទ្រៀល ប្រដាក់ ឯ.ក,ផ្លូវជាតិលេខ៥១ ភូមិអង្គតាឡឹក ឃុំសំបូរ ស្រុកសំរោងទង ខេត្តកំពង់ស្ពឺ,កំពង់ស្ពឺ,Mr. WANG SHIHAO ,ជាអភិបាលក្រុនហ៊ុន,0962398430 ,ឧបករណ៍មាត្រាសាស្ត្រ,Steel Ruler ,NA,45,2025,100cm,d:1mm,រង់ចាំការអនុម័ត,46225.24387,42,2024-06-05,SUBMITTED,
551,5,ឈី'អាន យីងតុង ឡៃថ៍ អុិនដាសស្ទ្រៀល ប្រដាក់ ឯ.ក,ផ្លូវជាតិលេខ៥១ ភូមិអង្គតាឡឹក ឃុំសំបូរ ស្រុកសំរោងទង ខេត្តកំពង់ស្ពឺ,កំពង់ស្ពឺ,Mr. WANG SHIHAO ,ជាអភិបាលក្រុនហ៊ុន,0962398430 ,ទំនិញវេចខ្ចប់,NA,NA,38,2026,NA,,រង់ចាំការអនុម័ត,46225.24387,42,2024-06-05,SUBMITTED,
561,1,ស្ថានីយប្រេងឥន្ធនៈ តេលា ធីតា អមរា,        ភូមិប៉ាយ៉ាប   ឃុំបាសាក់   ស្រុកស្វាយជ្រំ   ខេត្តស្វាយរៀង,ស្វាយរៀង,ឌីង ធីតា,ម្ចាស់,0888885787,ឧបករណ៍មាត្រាសាស្ត្រ,ទូបញ្ជាប្រេង១,TATSUNO,45,2020,5-50L/min,+-0.5%,រង់ចាំការអនុម័ត,46226.17659,42,2021-12-16,REVIEWING,
561,2,ស្ថានីយប្រេងឥន្ធនៈ តេលា ធីតា អមរា,        ភូមិប៉ាយ៉ាប   ឃុំបាសាក់   ស្រុកស្វាយជ្រំ   ខេត្តស្វាយរៀង,ស្វាយរៀង,ឌីង ធីតា,ម្ចាស់,0888885787,ឧបករណ៍មាត្រាសាស្ត្រ,ទូបញ្ជាប្រេង២,TATSUNO,45,2020,5-50L/min,+-0.5%,រង់ចាំការអនុម័ត,46226.17659,42,2021-12-16,REVIEWING,
561,3,ស្ថានីយប្រេងឥន្ធនៈ តេលា ធីតា អមរា,        ភូមិប៉ាយ៉ាប   ឃុំបាសាក់   ស្រុកស្វាយជ្រំ   ខេត្តស្វាយរៀង,ស្វាយរៀង,ឌីង ធីតា,ម្ចាស់,0888885787,ទំនិញវេចខ្ចប់,N/A,42,10,42,N/A,,រង់ចាំការអនុម័ត,46226.17659,42,2021-12-16,REVIEWING,
571,1,ស្ថានីប្រេងឥន្ធនៈ សែន សំណាង,        ភូមិល្វា  ឃុំគ្រួស  ស្រុកស្វាយជ្រំ  ខេត្តស្វាយរៀង,ស្វាយរៀង,បូ ណែត,ម្ចាស់,012226151,ឧបករណ៍មាត្រាសាស្ត្រ,ទូបញ្ជាប្រេង១,N/A,45,2018,5-50L/min,+-0.5%,រង់ចាំការអនុម័ត,46226.18166,42,2016-08-29,REVIEWING,
571,2,ស្ថានីប្រេងឥន្ធនៈ សែន សំណាង,        ភូមិល្វា  ឃុំគ្រួស  ស្រុកស្វាយជ្រំ  ខេត្តស្វាយរៀង,ស្វាយរៀង,បូ ណែត,ម្ចាស់,012226151,ឧបករណ៍មាត្រាសាស្ត្រ,ទូបញ្ជាប្រេង២,N/A,45,2018,5-50L/min,+-0.5%,រង់ចាំការអនុម័ត,46226.18166,42,2016-08-29,REVIEWING,
571,3,ស្ថានីប្រេងឥន្ធនៈ សែន សំណាង,        ភូមិល្វា  ឃុំគ្រួស  ស្រុកស្វាយជ្រំ  ខេត្តស្វាយរៀង,ស្វាយរៀង,បូ ណែត,ម្ចាស់,012226151,ទំនិញវេចខ្ចប់,N/A,42,10,42,N/A,,រង់ចាំការអនុម័ត,46226.18166,42,2016-08-29,REVIEWING,
581,1,      ស្ថានីយ៍ប្រេងឥន្ធនៈ ភីស ម៉ុងរីទ្ធី,    ដីឡូតី័៍លេខ៤៤៥៨  ផ្លូវលេខ១៩២៨  ភូមិបាយ៉ាប  សង្កាត់ភ្នំពេញថ្មី  ខណ្ឌសែនសុខ  រាជធានីភ្នំពេញ,ភ្នំពេញ,ឃុន សុភាវី,ម្ចាស់,012905537,ឧបករណ៍មាត្រាសាស្ត្រ,ឧបករណ៍បូមប្រេងទី១,BA26LA/RCA1973,112,2019,5-50L/min,+-1%,រង់ចាំការអនុម័ត,46229.38778,42,2025-01-16,REVIEWING,
581,2,      ស្ថានីយ៍ប្រេងឥន្ធនៈ ភីស ម៉ុងរីទ្ធី,    ដីឡូតី័៍លេខ៤៤៥៨  ផ្លូវលេខ១៩២៨  ភូមិបាយ៉ាប  សង្កាត់ភ្នំពេញថ្មី  ខណ្ឌសែនសុខ  រាជធានីភ្នំពេញ,ភ្នំពេញ,ឃុន សុភាវី,ម្ចាស់,012905537,ឧបករណ៍មាត្រាសាស្ត្រ,ឧបករណ៍បូមប្រេងទី២,BA26LA/RCA1993,112,2019,5-50L/min,+-1%,រង់ចាំការអនុម័ត,46229.38778,42,2025-01-16,REVIEWING,
581,3,      ស្ថានីយ៍ប្រេងឥន្ធនៈ ភីស ម៉ុងរីទ្ធី,    ដីឡូតី័៍លេខ៤៤៥៨  ផ្លូវលេខ១៩២៨  ភូមិបាយ៉ាប  សង្កាត់ភ្នំពេញថ្មី  ខណ្ឌសែនសុខ  រាជធានីភ្នំពេញ,ភ្នំពេញ,ឃុន សុភាវី,ម្ចាស់,012905537,ឧបករណ៍មាត្រាសាស្ត្រ,ឧបករណ៍បូមប្រេងទី៣,BA26LA/RCA1979,112,2019,5-50L/min,+-1%,រង់ចាំការអនុម័ត,46229.38778,42,2025-01-16,REVIEWING,
581,4,      ស្ថានីយ៍ប្រេងឥន្ធនៈ ភីស ម៉ុងរីទ្ធី,    ដីឡូតី័៍លេខ៤៤៥៨  ផ្លូវលេខ១៩២៨  ភូមិបាយ៉ាប  សង្កាត់ភ្នំពេញថ្មី  ខណ្ឌសែនសុខ  រាជធានីភ្នំពេញ,ភ្នំពេញ,ឃុន សុភាវី,ម្ចាស់,012905537,ឧបករណ៍មាត្រាសាស្ត្រ,ឧបករណ៍បូមប្រេងទី៤,BA26LA/RCA1981,112,2019,5-50L/min,+-1%,រង់ចាំការអនុម័ត,46229.38778,42,2025-01-16,REVIEWING,
581,5,      ស្ថានីយ៍ប្រេងឥន្ធនៈ ភីស ម៉ុងរីទ្ធី,    ដីឡូតី័៍លេខ៤៤៥៨  ផ្លូវលេខ១៩២៨  ភូមិបាយ៉ាប  សង្កាត់ភ្នំពេញថ្មី  ខណ្ឌសែនសុខ  រាជធានីភ្នំពេញ,ភ្នំពេញ,ឃុន សុភាវី,ម្ចាស់,012905537,ទំនិញវេចខ្ចប់,N/A,42,112,42,N/A,,រង់ចាំការអនុម័ត,46229.38778,42,2025-01-16,REVIEWING,
591,1,      ស្ថានីយ៏ប្រេងឥន្ធនៈ ភីស ក្រាំងធ្នង់,       ផ្លូវលេខ១៩៦២  ភូមិក្រាំងអង្ក្រង  សង្កាត់ក្រាំងធ្នង់  ខណ្ឌសែនសុខ  រាជធានីភ្នំពេញ,ភ្នំពេញ,ឃុន​ សុភាវី,ម្ចាស់,012905537,ឧបករណ៍មាត្រាសាស្ត្រ,ឧបករណ៍បូមប្រេងទី១,Q420(3-9)1906901W07,45,2019,4.5-45L/min,+-1%,រង់ចាំការអនុម័ត,46229.4087,42,2025-01-16,REVIEWING,
591,2,      ស្ថានីយ៏ប្រេងឥន្ធនៈ ភីស ក្រាំងធ្នង់,       ផ្លូវលេខ១៩៦២  ភូមិក្រាំងអង្ក្រង  សង្កាត់ក្រាំងធ្នង់  ខណ្ឌសែនសុខ  រាជធានីភ្នំពេញ,ភ្នំពេញ,ឃុន​ សុភាវី,ម្ចាស់,012905537,ឧបករណ៍មាត្រាសាស្ត្រ,ឧបករណ៍បូមប្រេងទី២,Q420(3-9)1906902W07,45,2019,4.5-45L/min,+-1%,រង់ចាំការអនុម័ត,46229.4087,42,2025-01-16,REVIEWING,
591,3,      ស្ថានីយ៏ប្រេងឥន្ធនៈ ភីស ក្រាំងធ្នង់,       ផ្លូវលេខ១៩៦២  ភូមិក្រាំងអង្ក្រង  សង្កាត់ក្រាំងធ្នង់  ខណ្ឌសែនសុខ  រាជធានីភ្នំពេញ,ភ្នំពេញ,ឃុន​ សុភាវី,ម្ចាស់,012905537,ទំនិញវេចខ្ចប់,N/A,42,45,42,N/A,,រង់ចាំការអនុម័ត,46229.4087,42,2025-01-16,REVIEWING,
601,1,ស្ថានីយ៍ប្រេងឥន្ធនៈ តូតាល់ អេនើជី ឫស្សីសាញ់,    ក្បាលដីលេខ៥៦៥   ផ្លូវទួលពង្រ  ភូមិប្រការ  សង្កាត់ព្រៃស  ខណ្ឌដង្កោ  រាជធានីភ្នំពេញ,ភ្នំពេញ,ព្រំ ហ៊ួត,ម្ចាស់,010768098,ឧបករណ៍មាត្រាសាស្ត្រ,ឧបករណ៍បូមប្រេងទី១,Q420/2202985,45,2022,5-45L/min,+-1%,រង់ចាំការអនុម័ត,46229.45201,42,2025-08-19,REVIEWING,
601,2,ស្ថានីយ៍ប្រេងឥន្ធនៈ តូតាល់ អេនើជី ឫស្សីសាញ់,    ក្បាលដីលេខ៥៦៥   ផ្លូវទួលពង្រ  ភូមិប្រការ  សង្កាត់ព្រៃស  ខណ្ឌដង្កោ  រាជធានីភ្នំពេញ,ភ្នំពេញ,ព្រំ ហ៊ួត,ម្ចាស់,010768098,ឧបករណ៍មាត្រាសាស្ត្រ,ឧបករណ៍បូមប្រេងទី២,Q420/2202983,45,2022,5-45L/min,+-1%,រង់ចាំការអនុម័ត,46229.45201,42,2025-08-19,REVIEWING,
601,3,ស្ថានីយ៍ប្រេងឥន្ធនៈ តូតាល់ អេនើជី ឫស្សីសាញ់,    ក្បាលដីលេខ៥៦៥   ផ្លូវទួលពង្រ  ភូមិប្រការ  សង្កាត់ព្រៃស  ខណ្ឌដង្កោ  រាជធានីភ្នំពេញ,ភ្នំពេញ,ព្រំ ហ៊ួត,ម្ចាស់,010768098,ឧបករណ៍មាត្រាសាស្ត្រ,ឧបករណ៍បូមប្រេងទី៣,Q420/2202988,45,2022,5-45L/min,+-1%,រង់ចាំការអនុម័ត,46229.45201,42,2025-08-19,REVIEWING,
601,4,ស្ថានីយ៍ប្រេងឥន្ធនៈ តូតាល់ អេនើជី ឫស្សីសាញ់,    ក្បាលដីលេខ៥៦៥   ផ្លូវទួលពង្រ  ភូមិប្រការ  សង្កាត់ព្រៃស  ខណ្ឌដង្កោ  រាជធានីភ្នំពេញ,ភ្នំពេញ,ព្រំ ហ៊ួត,ម្ចាស់,010768098,ឧបករណ៍មាត្រាសាស្ត្រ,ឧបករណ៍បូមប្រេងទី៤,Q420/2202993,45,2022,5-45L/min,+-1%,រង់ចាំការអនុម័ត,46229.45201,42,2025-08-19,REVIEWING,
601,5,ស្ថានីយ៍ប្រេងឥន្ធនៈ តូតាល់ អេនើជី ឫស្សីសាញ់,    ក្បាលដីលេខ៥៦៥   ផ្លូវទួលពង្រ  ភូមិប្រការ  សង្កាត់ព្រៃស  ខណ្ឌដង្កោ  រាជធានីភ្នំពេញ,ភ្នំពេញ,ព្រំ ហ៊ួត,ម្ចាស់,010768098,ទំនិញវេចខ្ចប់,N/A,42,45,42,N/A,,រង់ចាំការអនុម័ត,46229.45201,42,2025-08-19,REVIEWING,
611,1,ស្ថានីយ៍ប្រេងឥន្ធនៈ កាល់តិច ហ្គ្រែនភ្នំពេញ,    ផ្លូវលេខ៣០៧    ភូមិ៤  សង្កាត់ច្រាំងចំរេះទី ១  ខណ្ឌឫស្សីកែវ  រាជធានីភ្នំពេញ,ភ្នំពេញ,បញ្ញា សេដ្ឋាពង្ស,ម្ចាស់,012905537,ឧបករណ៍មាត្រាសាស្ត្រ,ឧបករណ៍បូមប្រេងទី១,LS-300/202204001253,103,2022,5-45L/min,+-1%,រង់ចាំការអនុម័ត,46229.46712,42,2022-06-20,REVIEWING,
611,2,ស្ថានីយ៍ប្រេងឥន្ធនៈ កាល់តិច ហ្គ្រែនភ្នំពេញ,    ផ្លូវលេខ៣០៧    ភូមិ៤  សង្កាត់ច្រាំងចំរេះទី ១  ខណ្ឌឫស្សីកែវ  រាជធានីភ្នំពេញ,ភ្នំពេញ,បញ្ញា សេដ្ឋាពង្ស,ម្ចាស់,012905537,ឧបករណ៍មាត្រាសាស្ត្រ,ឧបករណ៍បូមប្រេងទី២,LS-300/202204000239,103,2022,5-45L/min,+-1%,រង់ចាំការអនុម័ត,46229.46712,42,2022-06-20,REVIEWING,
611,3,ស្ថានីយ៍ប្រេងឥន្ធនៈ កាល់តិច ហ្គ្រែនភ្នំពេញ,    ផ្លូវលេខ៣០៧    ភូមិ៤  សង្កាត់ច្រាំងចំរេះទី ១  ខណ្ឌឫស្សីកែវ  រាជធានីភ្នំពេញ,ភ្នំពេញ,បញ្ញា សេដ្ឋាពង្ស,ម្ចាស់,012905537,ឧបករណ៍មាត្រាសាស្ត្រ,ឧបករណ៍បូមប្រេងទី៣,LS-300/202204001266,103,2022,5-45L/min,+-1%,រង់ចាំការអនុម័ត,46229.46712,42,2022-06-20,REVIEWING,
611,4,ស្ថានីយ៍ប្រេងឥន្ធនៈ កាល់តិច ហ្គ្រែនភ្នំពេញ,    ផ្លូវលេខ៣០៧    ភូមិ៤  សង្កាត់ច្រាំងចំរេះទី ១  ខណ្ឌឫស្សីកែវ  រាជធានីភ្នំពេញ,ភ្នំពេញ,បញ្ញា សេដ្ឋាពង្ស,ម្ចាស់,012905537,ឧបករណ៍មាត្រាសាស្ត្រ,ឧបករណ៍បូមប្រេងទី៤,LS-300/202204000238,103,2022,5-45L/min,+-1%,រង់ចាំការអនុម័ត,46229.46712,42,2022-06-20,REVIEWING,
611,5,ស្ថានីយ៍ប្រេងឥន្ធនៈ កាល់តិច ហ្គ្រែនភ្នំពេញ,    ផ្លូវលេខ៣០៧    ភូមិ៤  សង្កាត់ច្រាំងចំរេះទី ១  ខណ្ឌឫស្សីកែវ  រាជធានីភ្នំពេញ,ភ្នំពេញ,បញ្ញា សេដ្ឋាពង្ស,ម្ចាស់,012905537,ទំនិញវេចខ្ចប់,N/A,42,103,42,N/A,,រង់ចាំការអនុម័ត,46229.46712,42,2022-06-20,REVIEWING,
621,1,        ឥណ្ឌូឆាយណា រ៉ាយស៍ មីល លីមីធីត,    ផ្លូវជាតិលេខ៥ ភូមិផ្សារត្រាច ឃុំលង្វែក ស្រុកកំពង់ត្រឡាច ខេត្តកំពង់ឆ្នាំង,កំពង់ឆ្នាំង,យន់ ហុង,នាយក,0883333377,ឧបករណ៍មាត្រាសាស្ត្រ,ជញ្ជីងតោន,ZEMIC (HM9B-C3),45,2018,80តោន,Class III,រង់ចាំការអនុម័ត,46230.32686,42,2025-05-16,REVIEWING,
621,2,        ឥណ្ឌូឆាយណា រ៉ាយស៍ មីល លីមីធីត,    ផ្លូវជាតិលេខ៥ ភូមិផ្សារត្រាច ឃុំលង្វែក ស្រុកកំពង់ត្រឡាច ខេត្តកំពង់ឆ្នាំង,កំពង់ឆ្នាំង,យន់ ហុង,នាយក,0883333377,ទំនិញវេចខ្ចប់,Jasmine Rice,Chief,38,2026,20Kg,,រង់ចាំការអនុម័ត,46230.32686,42,2025-05-16,REVIEWING,
621,3,        ឥណ្ឌូឆាយណា រ៉ាយស៍ មីល លីមីធីត,    ផ្លូវជាតិលេខ៥ ភូមិផ្សារត្រាច ឃុំលង្វែក ស្រុកកំពង់ត្រឡាច ខេត្តកំពង់ឆ្នាំង,កំពង់ឆ្នាំង,យន់ ហុង,នាយក,0883333377,ទំនិញវេចខ្ចប់,Fragrant Jasmine Rice,KRAYA,38,2026,20Kg,,រង់ចាំការអនុម័ត,46230.32686,42,2025-05-16,REVIEWING,
621,4,        ឥណ្ឌូឆាយណា រ៉ាយស៍ មីល លីមីធីត,    ផ្លូវជាតិលេខ៥ ភូមិផ្សារត្រាច ឃុំលង្វែក ស្រុកកំពង់ត្រឡាច ខេត្តកំពង់ឆ្នាំង,កំពង់ឆ្នាំង,យន់ ហុង,នាយក,0883333377,ទំនិញវេចខ្ចប់,ROMDUOL BATTAMBANG,RIZ LONG,38,2026,"20Kgុ, 5Kg",,រង់ចាំការអនុម័ត,46230.32686,42,2025-05-16,REVIEWING,
631,1,ដេប៉ូប្រេងឥន្ធនៈតេលា,ផ្លូវលំ ភូមិចាមចាស់ ឃុំឈើតុំ ស្រុកក្រគរ ខេត្តពោធិ៍សាត់,ពោធិ៍សាត់,ទ្រី សុផល,ម្ចាស់ដេប៉ូប្រេងឥន្ធនៈ,0716666677,ឧបករណ៍មាត្រាសាស្ត្រ,ដៃបាញ់ប្រេងសាំងធម្មតា,HI-D6361,45,2014,10L,+-0.5L,រង់ចាំការអនុម័ត,46232.15713,42,2025-09-15,REVIEWING,
631,2,ដេប៉ូប្រេងឥន្ធនៈតេលា,ផ្លូវលំ ភូមិចាមចាស់ ឃុំឈើតុំ ស្រុកក្រគរ ខេត្តពោធិ៍សាត់,ពោធិ៍សាត់,ទ្រី សុផល,ម្ចាស់ដេប៉ូប្រេងឥន្ធនៈ,0716666677,ឧបករណ៍មាត្រាសាស្ត្រ,ដៃបាញ់ប្រេងសាំងធម្មតា,HI-D6361,45,2014,10L,+-0.5L,រង់ចាំការអនុម័ត,46232.15713,42,2025-09-15,REVIEWING,
631,3,ដេប៉ូប្រេងឥន្ធនៈតេលា,ផ្លូវលំ ភូមិចាមចាស់ ឃុំឈើតុំ ស្រុកក្រគរ ខេត្តពោធិ៍សាត់,ពោធិ៍សាត់,ទ្រី សុផល,ម្ចាស់ដេប៉ូប្រេងឥន្ធនៈ,0716666677,ឧបករណ៍មាត្រាសាស្ត្រ,ដៃបាញ់ប្រេងម៉ាស៊ូត,HI-D6361,45,2014,10L,+-0.5L,រង់ចាំការអនុម័ត,46232.15713,42,2025-09-15,REVIEWING,
631,4,ដេប៉ូប្រេងឥន្ធនៈតេលា,ផ្លូវលំ ភូមិចាមចាស់ ឃុំឈើតុំ ស្រុកក្រគរ ខេត្តពោធិ៍សាត់,ពោធិ៍សាត់,ទ្រី សុផល,ម្ចាស់ដេប៉ូប្រេងឥន្ធនៈ,0716666677,ឧបករណ៍មាត្រាសាស្ត្រ,ដៃបាញ់ប្រេងម៉ាស៊ូត,HI-D6361,45,2014,10L,+-0.5L,រង់ចាំការអនុម័ត,46232.15713,42,2025-09-15,REVIEWING,
631,5,ដេប៉ូប្រេងឥន្ធនៈតេលា,ផ្លូវលំ ភូមិចាមចាស់ ឃុំឈើតុំ ស្រុកក្រគរ ខេត្តពោធិ៍សាត់,ពោធិ៍សាត់,ទ្រី សុផល,ម្ចាស់ដេប៉ូប្រេងឥន្ធនៈ,0716666677,ទំនិញវេចខ្ចប់,N/A,N/A,45,2014,N/A,,រង់ចាំការអនុម័ត,46232.15713,42,2025-09-15,REVIEWING,
641,1,    ស្ថានីយ៍ប្រេងឥន្អនៈ តូតាល់ ក្រុងដូនកែវ,                ភូមិថ្នល់បែក  សង្កាត់រកាក្រៅ  ក្រុងដូនកែវ  ខេត្តតាកែវ,តាកែវ,លោក ជៀក ច្រូវ,ម្ចាស់ស្ថានីយ៍,012 768 595,ឧបករណ៍មាត្រាសាស្ត្រ,ឧបករណ៍បូមប្រេង,Q420(3-6/4a),45,2022,5L/min -45L/min,+-_ 0.3%,រង់ចាំការអនុម័ត,46233.29635,42,2023-05-01,REVIEWING,
641,2,    ស្ថានីយ៍ប្រេងឥន្អនៈ តូតាល់ ក្រុងដូនកែវ,                ភូមិថ្នល់បែក  សង្កាត់រកាក្រៅ  ក្រុងដូនកែវ  ខេត្តតាកែវ,តាកែវ,លោក ជៀក ច្រូវ,ម្ចាស់ស្ថានីយ៍,012 768 595,ឧបករណ៍មាត្រាសាស្ត្រ,ឧបករណ៍បូមប្រេង,Q420(3-6/4a),45,2022,5L/min-45L/min,+-_ 0.3%,រង់ចាំការអនុម័ត,46233.29635,42,2023-05-01,REVIEWING,
641,3,    ស្ថានីយ៍ប្រេងឥន្អនៈ តូតាល់ ក្រុងដូនកែវ,                ភូមិថ្នល់បែក  សង្កាត់រកាក្រៅ  ក្រុងដូនកែវ  ខេត្តតាកែវ,តាកែវ,លោក ជៀក ច្រូវ,ម្ចាស់ស្ថានីយ៍,012 768 595,ទំនិញវេចខ្ចប់,-,-,38,0,-,,រង់ចាំការអនុម័ត,46233.29635,42,2023-05-01,REVIEWING,
651,1,   ដេប៉ូប្រេងឥន្ធនៈ តេលា ប៉ រលាំងសង្កែ,        ភូមិសំពៅ   សង្កាត់ច្បារមន   ក្រុងច្បារមន   ខេត្តកំពង់ស្ពឺ,កំពង់ស្ពឺ,លោកស្រី ប៊ុត ដាលីន,ម្ចស់ដេប៉ូប្រេងឥន្ធនៈ,098 82 83 93,ឧបករណ៍មាត្រាសាស្ត្រ,ឧបករណ៍បូមប្រេង ,DTY : 02345Q3 ,45,2022,55L/min,+- 0.3%,រង់ចាំការអនុម័ត,46233.33068,42,2022-11-14,REVIEWING,
651,2,   ដេប៉ូប្រេងឥន្ធនៈ តេលា ប៉ រលាំងសង្កែ,        ភូមិសំពៅ   សង្កាត់ច្បារមន   ក្រុងច្បារមន   ខេត្តកំពង់ស្ពឺ,កំពង់ស្ពឺ,លោកស្រី ប៊ុត ដាលីន,ម្ចស់ដេប៉ូប្រេងឥន្ធនៈ,098 82 83 93,ឧបករណ៍មាត្រាសាស្ត្រ,ឧបករណ៍បូមប្រេង ,Q: 32245 - Z43,45,2020,55L/min,+- 0.3%,រង់ចាំការអនុម័ត,46233.33068,42,2022-11-14,REVIEWING,
651,3,   ដេប៉ូប្រេងឥន្ធនៈ តេលា ប៉ រលាំងសង្កែ,        ភូមិសំពៅ   សង្កាត់ច្បារមន   ក្រុងច្បារមន   ខេត្តកំពង់ស្ពឺ,កំពង់ស្ពឺ,លោកស្រី ប៊ុត ដាលីន,ម្ចស់ដេប៉ូប្រេងឥន្ធនៈ,098 82 83 93,ទំនិញវេចខ្ចប់,មិនមាន,មិនមាន,38,0,មិនមាន,,រង់ចាំការអនុម័ត,46233.33068,42,2022-11-14,REVIEWING,
661,1,      ដេប៉ូប្រេងឥន្ធនៈ តេលា វន កញ្ញា,          ភូមិតាំងពោធិ៍   ឃុំប្រាំបីមុម   ស្រុកថ្ពង   ខេត្តកំពង់ស្ពឺ,កំពង់ស្ពឺ,លោកស្រី វន កញ្ញា,ម្ចាស់ដេប៉ូប្រេងឥន្ធនៈ,070  32 47 86,ឧបករណ៍មាត្រាសាស្ត្រ,ឧបករណ៍បូមប្រេង,TATSUNO SN: 02234,45,2017,45L/min-55L/min,+_ 0.5 %,រង់ចាំការអនុម័ត,46233.33624,42,2025-06-27,REVIEWING,
661,2,      ដេប៉ូប្រេងឥន្ធនៈ តេលា វន កញ្ញា,          ភូមិតាំងពោធិ៍   ឃុំប្រាំបីមុម   ស្រុកថ្ពង   ខេត្តកំពង់ស្ពឺ,កំពង់ស្ពឺ,លោកស្រី វន កញ្ញា,ម្ចាស់ដេប៉ូប្រេងឥន្ធនៈ,070  32 47 86,ឧបករណ៍មាត្រាសាស្ត្រ,ឧបករណ៍បូមប្រេង,TATSUNO SN: 02276,45,2017,45L/min-55L/min,+_ 0.5 %,រង់ចាំការអនុម័ត,46233.33624,42,2025-06-27,REVIEWING,
661,3,      ដេប៉ូប្រេងឥន្ធនៈ តេលា វន កញ្ញា,          ភូមិតាំងពោធិ៍   ឃុំប្រាំបីមុម   ស្រុកថ្ពង   ខេត្តកំពង់ស្ពឺ,កំពង់ស្ពឺ,លោកស្រី វន កញ្ញា,ម្ចាស់ដេប៉ូប្រេងឥន្ធនៈ,070  32 47 86,ទំនិញវេចខ្ចប់,មិនមាន,មិនមាន,38,0,មិនមាន,,រង់ចាំការអនុម័ត,46233.33624,42,2025-06-27,REVIEWING,